-- --------------------------------------------------------
-- Host:                         127.0.0.1
-- Server version:               5.7.36 - MySQL Community Server (GPL)
-- Server OS:                    Win64
-- HeidiSQL Version:             11.3.0.6295
-- --------------------------------------------------------

/*!40101 SET @OLD_CHARACTER_SET_CLIENT=@@CHARACTER_SET_CLIENT */;
/*!40101 SET NAMES utf8 */;
/*!50503 SET NAMES utf8mb4 */;
/*!40014 SET @OLD_FOREIGN_KEY_CHECKS=@@FOREIGN_KEY_CHECKS, FOREIGN_KEY_CHECKS=0 */;
/*!40101 SET @OLD_SQL_MODE=@@SQL_MODE, SQL_MODE='NO_AUTO_VALUE_ON_ZERO' */;
/*!40111 SET @OLD_SQL_NOTES=@@SQL_NOTES, SQL_NOTES=0 */;

-- Dumping structure for table eliana.availability
CREATE TABLE IF NOT EXISTS `availability` (
  `id` int(11) NOT NULL AUTO_INCREMENT,
  `campuse_id` int(11) DEFAULT NULL,
  `user_id` int(11) DEFAULT NULL,
  `date` date DEFAULT NULL,
  `start_time` time DEFAULT NULL,
  `end_time` time DEFAULT NULL,
  `created_at` datetime DEFAULT NULL,
  `updated_at` datetime DEFAULT NULL,
  PRIMARY KEY (`id`),
  KEY `FK__campuses` (`campuse_id`),
  KEY `FK_availability_users` (`user_id`)
) ENGINE=MyISAM AUTO_INCREMENT=9 DEFAULT CHARSET=latin1;

-- Dumping data for table eliana.availability: 6 rows
/*!40000 ALTER TABLE `availability` DISABLE KEYS */;
INSERT INTO `availability` (`id`, `campuse_id`, `user_id`, `date`, `start_time`, `end_time`, `created_at`, `updated_at`) VALUES
	(1, 1, 4, '2022-04-19', '08:00:00', '14:04:00', '2022-03-15 09:04:30', '2022-04-18 09:02:44'),
	(4, 1, 4, '2022-04-20', '07:00:00', '18:30:00', '2022-03-29 17:23:55', '2022-04-18 14:35:34'),
	(5, 1, 4, '2022-04-21', '07:30:00', '12:00:00', '2022-03-29 17:24:29', '2022-04-18 14:36:22'),
	(6, 1, 4, '2022-04-21', '14:30:00', '18:00:00', '2022-03-29 17:25:19', '2022-04-18 14:36:53'),
	(7, 1, 4, '2022-05-29', '07:00:00', '17:00:00', '2022-05-29 12:07:13', '2022-05-29 12:07:13'),
	(8, 1, 4, '2022-07-16', '08:30:00', '18:01:00', '2022-06-15 16:44:25', '2022-06-15 16:44:25');
/*!40000 ALTER TABLE `availability` ENABLE KEYS */;

-- Dumping structure for table eliana.campuses
CREATE TABLE IF NOT EXISTS `campuses` (
  `id` int(10) unsigned NOT NULL AUTO_INCREMENT,
  `name` varchar(125) COLLATE utf8mb4_unicode_ci DEFAULT NULL,
  `phone` varchar(125) COLLATE utf8mb4_unicode_ci DEFAULT NULL,
  `email` varchar(125) COLLATE utf8mb4_unicode_ci DEFAULT NULL,
  `address` longtext COLLATE utf8mb4_unicode_ci,
  `token` longtext COLLATE utf8mb4_unicode_ci,
  `accountid` longtext COLLATE utf8mb4_unicode_ci,
  `number_invoice` bigint(20) DEFAULT NULL,
  `number_note_credit` bigint(20) DEFAULT NULL,
  `prefix` varchar(50) COLLATE utf8mb4_unicode_ci DEFAULT NULL,
  `resolution_number` varchar(50) COLLATE utf8mb4_unicode_ci DEFAULT NULL,
  `created_at` timestamp NULL DEFAULT NULL,
  `updated_at` timestamp NULL DEFAULT NULL,
  PRIMARY KEY (`id`)
) ENGINE=MyISAM AUTO_INCREMENT=5 DEFAULT CHARSET=utf8mb4 COLLATE=utf8mb4_unicode_ci;

-- Dumping data for table eliana.campuses: 3 rows
/*!40000 ALTER TABLE `campuses` DISABLE KEYS */;
INSERT INTO `campuses` (`id`, `name`, `phone`, `email`, `address`, `token`, `accountid`, `number_invoice`, `number_note_credit`, `prefix`, `resolution_number`, `created_at`, `updated_at`) VALUES
	(1, 'sede 12', '3197667268', 'yeferson1115@gmail.com', 'Cr 47 # 51 57', 'a4afb1e20e856e8fb031b487efbfd239', '002979c5-7c23-43ab-aa98-3fa7dce6e4d0', 994927971, 994800915, 'YR', '18760000001', '2021-11-12 11:05:27', '2022-02-23 11:07:11'),
	(2, 'sede 2', '3197667268', 'yeferson1115@gmail.com', 'Cr 47 # 51 57', NULL, 'fsdfsdf-fghgfhfght', NULL, NULL, NULL, NULL, '2021-11-12 11:11:13', '2021-11-12 11:11:13'),
	(3, 'sede3', '3197667268', 'yeferson1115@gmail.com', 'Cr 47 # 51 57', NULL, 'eaerqwr-fdsfsdfsdf', NULL, NULL, NULL, NULL, '2021-11-12 11:13:25', '2021-11-12 11:13:25');
/*!40000 ALTER TABLE `campuses` ENABLE KEYS */;

-- Dumping structure for table eliana.cities
CREATE TABLE IF NOT EXISTS `cities` (
  `id` int(10) unsigned NOT NULL AUTO_INCREMENT,
  `code_departament` varchar(125) COLLATE utf8mb4_unicode_ci NOT NULL,
  `code` varchar(125) COLLATE utf8mb4_unicode_ci NOT NULL,
  `name` varchar(125) COLLATE utf8mb4_unicode_ci NOT NULL,
  `created_at` timestamp NULL DEFAULT NULL,
  `updated_at` timestamp NULL DEFAULT NULL,
  PRIMARY KEY (`id`)
) ENGINE=MyISAM AUTO_INCREMENT=1135 DEFAULT CHARSET=utf8mb4 COLLATE=utf8mb4_unicode_ci;

-- Dumping data for table eliana.cities: 1,134 rows
/*!40000 ALTER TABLE `cities` DISABLE KEYS */;
INSERT INTO `cities` (`id`, `code_departament`, `code`, `name`, `created_at`, `updated_at`) VALUES
	(1, '05', '001', 'MEDELLIN', NULL, NULL),
	(2, '05', '002', 'ABEJORRAL', NULL, NULL),
	(3, '05', '004', 'ABRIAQUI', NULL, NULL),
	(4, '05', '021', 'ALEJANDRIA', NULL, NULL),
	(5, '05', '030', 'AMAGA', NULL, NULL),
	(6, '05', '031', 'AMALFI', NULL, NULL),
	(7, '05', '034', 'ANDES', NULL, NULL),
	(8, '05', '036', 'ANGELOPOLIS', NULL, NULL),
	(9, '05', '038', 'ANGOSTURA', NULL, NULL),
	(10, '05', '040', 'ANORI', NULL, NULL),
	(11, '05', '042', 'SANTAFE DE ANTIOQUIA', NULL, NULL),
	(12, '05', '044', 'ANZA', NULL, NULL),
	(13, '05', '045', 'APARTADO', NULL, NULL),
	(14, '05', '051', 'ARBOLETES', NULL, NULL),
	(15, '05', '055', 'ARGELIA', NULL, NULL),
	(16, '05', '059', 'ARMENIA', NULL, NULL),
	(17, '05', '079', 'BARBOSA', NULL, NULL),
	(18, '05', '086', 'BELMIRA', NULL, NULL),
	(19, '05', '088', 'BELLO', NULL, NULL),
	(20, '05', '091', 'BETANIA', NULL, NULL),
	(21, '05', '093', 'BETULIA', NULL, NULL),
	(22, '05', '101', 'CIUDAD BOLIVAR', NULL, NULL),
	(23, '05', '107', 'BRICEÑO', NULL, NULL),
	(24, '05', '113', 'BURITICA', NULL, NULL),
	(25, '05', '120', 'CACERES', NULL, NULL),
	(26, '05', '125', 'CAICEDO', NULL, NULL),
	(27, '05', '129', 'CALDAS', NULL, NULL),
	(28, '05', '134', 'CAMPAMENTO', NULL, NULL),
	(29, '05', '138', 'CAÑASGORDAS', NULL, NULL),
	(30, '05', '142', 'CARACOLI', NULL, NULL),
	(31, '05', '145', 'CARAMANTA', NULL, NULL),
	(32, '05', '147', 'CAREPA', NULL, NULL),
	(33, '05', '148', 'EL CARMEN DE VIBORAL', NULL, NULL),
	(34, '05', '150', 'CAROLINA', NULL, NULL),
	(35, '05', '154', 'CAUCASIA', NULL, NULL),
	(36, '05', '172', 'CHIGORODO', NULL, NULL),
	(37, '05', '190', 'CISNEROS', NULL, NULL),
	(38, '05', '197', 'COCORNA', NULL, NULL),
	(39, '05', '206', 'CONCEPCION', NULL, NULL),
	(40, '05', '209', 'CONCORDIA', NULL, NULL),
	(41, '05', '212', 'COPACABANA', NULL, NULL),
	(42, '05', '234', 'DABEIBA', NULL, NULL),
	(43, '05', '237', 'DON MATIAS', NULL, NULL),
	(44, '05', '240', 'EBEJICO', NULL, NULL),
	(45, '05', '250', 'EL BAGRE', NULL, NULL),
	(46, '05', '264', 'ENTRERRIOS', NULL, NULL),
	(47, '05', '266', 'ENVIGADO', NULL, NULL),
	(48, '05', '282', 'FREDONIA', NULL, NULL),
	(49, '05', '284', 'FRONTINO', NULL, NULL),
	(50, '05', '306', 'GIRALDO', NULL, NULL),
	(51, '05', '308', 'GIRARDOTA', NULL, NULL),
	(52, '05', '310', 'GOMEZ PLATA', NULL, NULL),
	(53, '05', '313', 'GRANADA', NULL, NULL),
	(54, '05', '315', 'GUADALUPE', NULL, NULL),
	(55, '05', '318', 'GUARNE', NULL, NULL),
	(56, '05', '321', 'GUATAPE', NULL, NULL),
	(57, '05', '347', 'HELICONIA', NULL, NULL),
	(58, '05', '353', 'HISPANIA', NULL, NULL),
	(59, '05', '360', 'ITAGUI', NULL, NULL),
	(60, '05', '361', 'ITUANGO', NULL, NULL),
	(61, '05', '364', 'JARDIN', NULL, NULL),
	(62, '05', '368', 'JERICO', NULL, NULL),
	(63, '05', '376', 'LA CEJA', NULL, NULL),
	(64, '05', '380', 'LA ESTRELLA', NULL, NULL),
	(65, '05', '390', 'LA PINTADA', NULL, NULL),
	(66, '05', '400', 'LA UNION', NULL, NULL),
	(67, '05', '411', 'LIBORINA', NULL, NULL),
	(68, '05', '425', 'MACEO', NULL, NULL),
	(69, '05', '440', 'MARINILLA', NULL, NULL),
	(70, '05', '467', 'MONTEBELLO', NULL, NULL),
	(71, '05', '475', 'MURINDO', NULL, NULL),
	(72, '05', '480', 'MUTATA', NULL, NULL),
	(73, '05', '483', 'NARIÑO', NULL, NULL),
	(74, '05', '490', 'NECOCLI', NULL, NULL),
	(75, '05', '495', 'NECHI', NULL, NULL),
	(76, '05', '501', 'OLAYA', NULL, NULL),
	(77, '05', '541', 'PEÐOL', NULL, NULL),
	(78, '05', '543', 'PEQUE', NULL, NULL),
	(79, '05', '576', 'PUEBLORRICO', NULL, NULL),
	(80, '05', '579', 'PUERTO BERRIO', NULL, NULL),
	(81, '05', '585', 'PUERTO NARE', NULL, NULL),
	(82, '05', '591', 'PUERTO TRIUNFO', NULL, NULL),
	(83, '05', '604', 'REMEDIOS', NULL, NULL),
	(84, '05', '607', 'RETIRO', NULL, NULL),
	(85, '05', '615', 'RIONEGRO', NULL, NULL),
	(86, '05', '628', 'SABANALARGA', NULL, NULL),
	(87, '05', '631', 'SABANETA', NULL, NULL),
	(88, '05', '642', 'SALGAR', NULL, NULL),
	(89, '05', '647', 'SAN ANDRES DE CUERQUIA', NULL, NULL),
	(90, '05', '649', 'SAN CARLOS', NULL, NULL),
	(91, '05', '652', 'SAN FRANCISCO', NULL, NULL),
	(92, '05', '656', 'SAN JERONIMO', NULL, NULL),
	(93, '05', '658', 'SAN JOSE DE LA MONTAÑA', NULL, NULL),
	(94, '05', '659', 'SAN JUAN DE URABA', NULL, NULL),
	(95, '05', '660', 'SAN LUIS', NULL, NULL),
	(96, '05', '664', 'SAN PEDRO', NULL, NULL),
	(97, '05', '665', 'SAN PEDRO DE URABA', NULL, NULL),
	(98, '05', '667', 'SAN RAFAEL', NULL, NULL),
	(99, '05', '670', 'SAN ROQUE', NULL, NULL),
	(100, '05', '674', 'SAN VICENTE', NULL, NULL),
	(101, '05', '679', 'SANTA BARBARA', NULL, NULL),
	(102, '05', '686', 'SANTA ROSA DE OSOS', NULL, NULL),
	(103, '05', '690', 'SANTO DOMINGO', NULL, NULL),
	(104, '05', '697', 'EL SANTUARIO', NULL, NULL),
	(105, '05', '736', 'SEGOVIA', NULL, NULL),
	(106, '05', '756', 'SONSON', NULL, NULL),
	(107, '05', '761', 'SOPETRAN', NULL, NULL),
	(108, '05', '789', 'TAMESIS', NULL, NULL),
	(109, '05', '790', 'TARAZA', NULL, NULL),
	(110, '05', '792', 'TARSO', NULL, NULL),
	(111, '05', '809', 'TITIRIBI', NULL, NULL),
	(112, '05', '819', 'TOLEDO', NULL, NULL),
	(113, '05', '837', 'TURBO', NULL, NULL),
	(114, '05', '842', 'URAMITA', NULL, NULL),
	(115, '05', '847', 'URRAO', NULL, NULL),
	(116, '05', '854', 'VALDIVIA', NULL, NULL),
	(117, '05', '856', 'VALPARAISO', NULL, NULL),
	(118, '05', '858', 'VEGACHI', NULL, NULL),
	(119, '05', '861', 'VENECIA', NULL, NULL),
	(120, '05', '873', 'VIGIA DEL FUERTE', NULL, NULL),
	(121, '05', '885', 'YALI', NULL, NULL),
	(122, '05', '887', 'YARUMAL', NULL, NULL),
	(123, '05', '890', 'YOLOMBO', NULL, NULL),
	(124, '05', '893', 'YONDO', NULL, NULL),
	(125, '05', '895', 'ZARAGOZA', NULL, NULL),
	(126, '08', '001', 'BARRANQUILLA', NULL, NULL),
	(127, '08', '078', 'BARANOA', NULL, NULL),
	(128, '08', '137', 'CAMPO DE LA CRUZ', NULL, NULL),
	(129, '08', '141', 'CANDELARIA', NULL, NULL),
	(130, '08', '296', 'GALAPA', NULL, NULL),
	(131, '08', '372', 'JUAN DE ACOSTA', NULL, NULL),
	(132, '08', '421', 'LURUACO', NULL, NULL),
	(133, '08', '433', 'MALAMBO', NULL, NULL),
	(134, '08', '436', 'MANATI', NULL, NULL),
	(135, '08', '520', 'PALMAR DE VARELA', NULL, NULL),
	(136, '08', '549', 'PIOJO', NULL, NULL),
	(137, '08', '558', 'POLONUEVO', NULL, NULL),
	(138, '08', '560', 'PONEDERA', NULL, NULL),
	(139, '08', '573', 'PUERTO COLOMBIA', NULL, NULL),
	(140, '08', '606', 'REPELON', NULL, NULL),
	(141, '08', '634', 'SABANAGRANDE', NULL, NULL),
	(142, '08', '638', 'SABANALARGA', NULL, NULL),
	(143, '08', '675', 'SANTA LUCIA', NULL, NULL),
	(144, '08', '685', 'SANTO TOMAS', NULL, NULL),
	(145, '08', '758', 'SOLEDAD', NULL, NULL),
	(146, '08', '770', 'SUAN', NULL, NULL),
	(147, '08', '832', 'TUBARA', NULL, NULL),
	(148, '08', '849', 'USIACURI', NULL, NULL),
	(149, '11', '001', 'BOGOTA, D.C.', NULL, NULL),
	(150, '13', '001', 'CARTAGENA', NULL, NULL),
	(151, '13', '006', 'ACHI', NULL, NULL),
	(152, '13', '030', 'ALTOS DEL ROSARIO', NULL, NULL),
	(153, '13', '042', 'ARENAL', NULL, NULL),
	(154, '13', '052', 'ARJONA', NULL, NULL),
	(155, '13', '062', 'ARROYOHONDO', NULL, NULL),
	(156, '13', '074', 'BARRANCO DE LOBA', NULL, NULL),
	(157, '13', '140', 'CALAMAR', NULL, NULL),
	(158, '13', '160', 'CANTAGALLO', NULL, NULL),
	(159, '13', '188', 'CICUCO', NULL, NULL),
	(160, '13', '212', 'CORDOBA', NULL, NULL),
	(161, '13', '222', 'CLEMENCIA', NULL, NULL),
	(162, '13', '244', 'EL CARMEN DE BOLIVAR', NULL, NULL),
	(163, '13', '248', 'EL GUAMO', NULL, NULL),
	(164, '13', '268', 'EL PEÑON', NULL, NULL),
	(165, '13', '300', 'HATILLO DE LOBA', NULL, NULL),
	(166, '13', '430', 'MAGANGUE', NULL, NULL),
	(167, '13', '433', 'MAHATES', NULL, NULL),
	(168, '13', '440', 'MARGARITA', NULL, NULL),
	(169, '13', '442', 'MARIA LA BAJA', NULL, NULL),
	(170, '13', '458', 'MONTECRISTO', NULL, NULL),
	(171, '13', '468', 'MOMPOS', NULL, NULL),
	(172, '13', '490', 'NOROSI', NULL, NULL),
	(173, '13', '473', 'MORALES', NULL, NULL),
	(174, '13', '549', 'PINILLOS', NULL, NULL),
	(175, '13', '580', 'REGIDOR', NULL, NULL),
	(176, '13', '600', 'RIO VIEJO', NULL, NULL),
	(177, '13', '620', 'SAN CRISTOBAL', NULL, NULL),
	(178, '13', '647', 'SAN ESTANISLAO', NULL, NULL),
	(179, '13', '650', 'SAN FERNANDO', NULL, NULL),
	(180, '13', '654', 'SAN JACINTO', NULL, NULL),
	(181, '13', '655', 'SAN JACINTO DEL CAUCA', NULL, NULL),
	(182, '13', '657', 'SAN JUAN NEPOMUCENO', NULL, NULL),
	(183, '13', '667', 'SAN MARTIN DE LOBA', NULL, NULL),
	(184, '13', '670', 'SAN PABLO', NULL, NULL),
	(185, '13', '673', 'SANTA CATALINA', NULL, NULL),
	(186, '13', '683', 'SANTA ROSA', NULL, NULL),
	(187, '13', '688', 'SANTA ROSA DEL SUR', NULL, NULL),
	(188, '13', '744', 'SIMITI', NULL, NULL),
	(189, '13', '760', 'SOPLAVIENTO', NULL, NULL),
	(190, '13', '780', 'TALAIGUA NUEVO', NULL, NULL),
	(191, '13', '810', 'TIQUISIO', NULL, NULL),
	(192, '13', '836', 'TURBACO', NULL, NULL),
	(193, '13', '838', 'TURBANA', NULL, NULL),
	(194, '13', '873', 'VILLANUEVA', NULL, NULL),
	(195, '13', '894', 'ZAMBRANO', NULL, NULL),
	(196, '15', '001', 'TUNJA', NULL, NULL),
	(197, '15', '022', 'ALMEIDA', NULL, NULL),
	(198, '15', '047', 'AQUITANIA', NULL, NULL),
	(199, '15', '051', 'ARCABUCO', NULL, NULL),
	(200, '15', '087', 'BELEN', NULL, NULL),
	(201, '15', '090', 'BERBEO', NULL, NULL),
	(202, '15', '092', 'BETEITIVA', NULL, NULL),
	(203, '15', '097', 'BOAVITA', NULL, NULL),
	(204, '15', '104', 'BOYACA', NULL, NULL),
	(205, '15', '106', 'BRICEÑO', NULL, NULL),
	(206, '15', '109', 'BUENAVISTA', NULL, NULL),
	(207, '15', '114', 'BUSBANZA', NULL, NULL),
	(208, '15', '131', 'CALDAS', NULL, NULL),
	(209, '15', '135', 'CAMPOHERMOSO', NULL, NULL),
	(210, '15', '162', 'CERINZA', NULL, NULL),
	(211, '15', '172', 'CHINAVITA', NULL, NULL),
	(212, '15', '176', 'CHIQUINQUIRA', NULL, NULL),
	(213, '15', '180', 'CHISCAS', NULL, NULL),
	(214, '15', '183', 'CHITA', NULL, NULL),
	(215, '15', '185', 'CHITARAQUE', NULL, NULL),
	(216, '15', '187', 'CHIVATA', NULL, NULL),
	(217, '15', '189', 'CIENEGA', NULL, NULL),
	(218, '15', '204', 'COMBITA', NULL, NULL),
	(219, '15', '212', 'COPER', NULL, NULL),
	(220, '15', '215', 'CORRALES', NULL, NULL),
	(221, '15', '218', 'COVARACHIA', NULL, NULL),
	(222, '15', '223', 'CUBARA', NULL, NULL),
	(223, '15', '224', 'CUCAITA', NULL, NULL),
	(224, '15', '226', 'CUITIVA', NULL, NULL),
	(225, '15', '232', 'CHIQUIZA', NULL, NULL),
	(226, '15', '236', 'CHIVOR', NULL, NULL),
	(227, '15', '238', 'DUITAMA', NULL, NULL),
	(228, '15', '244', 'EL COCUY', NULL, NULL),
	(229, '15', '248', 'EL ESPINO', NULL, NULL),
	(230, '15', '272', 'FIRAVITOBA', NULL, NULL),
	(231, '15', '276', 'FLORESTA', NULL, NULL),
	(232, '15', '293', 'GACHANTIVA', NULL, NULL),
	(233, '15', '296', 'GAMEZA', NULL, NULL),
	(234, '15', '299', 'GARAGOA', NULL, NULL),
	(235, '15', '317', 'GUACAMAYAS', NULL, NULL),
	(236, '15', '322', 'GUATEQUE', NULL, NULL),
	(237, '15', '325', 'GUAYATA', NULL, NULL),
	(238, '15', '332', 'GsICAN', NULL, NULL),
	(239, '15', '362', 'IZA', NULL, NULL),
	(240, '15', '367', 'JENESANO', NULL, NULL),
	(241, '15', '368', 'JERICO', NULL, NULL),
	(242, '15', '377', 'LABRANZAGRANDE', NULL, NULL),
	(243, '15', '380', 'LA CAPILLA', NULL, NULL),
	(244, '15', '401', 'LA VICTORIA', NULL, NULL),
	(245, '15', '403', 'LA UVITA', NULL, NULL),
	(246, '15', '407', 'VILLA DE LEYVA', NULL, NULL),
	(247, '15', '425', 'MACANAL', NULL, NULL),
	(248, '15', '442', 'MARIPI', NULL, NULL),
	(249, '15', '455', 'MIRAFLORES', NULL, NULL),
	(250, '15', '464', 'MONGUA', NULL, NULL),
	(251, '15', '466', 'MONGUI', NULL, NULL),
	(252, '15', '469', 'MONIQUIRA', NULL, NULL),
	(253, '15', '476', 'MOTAVITA', NULL, NULL),
	(254, '15', '480', 'MUZO', NULL, NULL),
	(255, '15', '491', 'NOBSA', NULL, NULL),
	(256, '15', '494', 'NUEVO COLON', NULL, NULL),
	(257, '15', '500', 'OICATA', NULL, NULL),
	(258, '15', '507', 'OTANCHE', NULL, NULL),
	(259, '15', '511', 'PACHAVITA', NULL, NULL),
	(260, '15', '514', 'PAEZ', NULL, NULL),
	(261, '15', '516', 'PAIPA', NULL, NULL),
	(262, '15', '518', 'PAJARITO', NULL, NULL),
	(263, '15', '522', 'PANQUEBA', NULL, NULL),
	(264, '15', '531', 'PAUNA', NULL, NULL),
	(265, '15', '533', 'PAYA', NULL, NULL),
	(266, '15', '537', 'PAZ DE RIO', NULL, NULL),
	(267, '15', '542', 'PESCA', NULL, NULL),
	(268, '15', '550', 'PISBA', NULL, NULL),
	(269, '15', '572', 'PUERTO BOYACA', NULL, NULL),
	(270, '15', '580', 'QUIPAMA', NULL, NULL),
	(271, '15', '599', 'RAMIRIQUI', NULL, NULL),
	(272, '15', '600', 'RAQUIRA', NULL, NULL),
	(273, '15', '621', 'RONDON', NULL, NULL),
	(274, '15', '632', 'SABOYA', NULL, NULL),
	(275, '15', '638', 'SACHICA', NULL, NULL),
	(276, '15', '646', 'SAMACA', NULL, NULL),
	(277, '15', '660', 'SAN EDUARDO', NULL, NULL),
	(278, '15', '664', 'SAN JOSE DE PARE', NULL, NULL),
	(279, '15', '667', 'SAN LUIS DE GACENO', NULL, NULL),
	(280, '15', '673', 'SAN MATEO', NULL, NULL),
	(281, '15', '676', 'SAN MIGUEL DE SEMA', NULL, NULL),
	(282, '15', '681', 'SAN PABLO DE BORBUR', NULL, NULL),
	(283, '15', '686', 'SANTANA', NULL, NULL),
	(284, '15', '690', 'SANTA MARIA', NULL, NULL),
	(285, '15', '693', 'SANTA ROSA DE VITERBO', NULL, NULL),
	(286, '15', '696', 'SANTA SOFIA', NULL, NULL),
	(287, '15', '720', 'SATIVANORTE', NULL, NULL),
	(288, '15', '723', 'SATIVASUR', NULL, NULL),
	(289, '15', '740', 'SIACHOQUE', NULL, NULL),
	(290, '15', '753', 'SOATA', NULL, NULL),
	(291, '15', '755', 'SOCOTA', NULL, NULL),
	(292, '15', '757', 'SOCHA', NULL, NULL),
	(293, '15', '759', 'SOGAMOSO', NULL, NULL),
	(294, '15', '761', 'SOMONDOCO', NULL, NULL),
	(295, '15', '762', 'SORA', NULL, NULL),
	(296, '15', '763', 'SOTAQUIRA', NULL, NULL),
	(297, '15', '764', 'SORACA', NULL, NULL),
	(298, '15', '774', 'SUSACON', NULL, NULL),
	(299, '15', '776', 'SUTAMARCHAN', NULL, NULL),
	(300, '15', '778', 'SUTATENZA', NULL, NULL),
	(301, '15', '790', 'TASCO', NULL, NULL),
	(302, '15', '798', 'TENZA', NULL, NULL),
	(303, '15', '804', 'TIBANA', NULL, NULL),
	(304, '15', '806', 'TIBASOSA', NULL, NULL),
	(305, '15', '808', 'TINJACA', NULL, NULL),
	(306, '15', '810', 'TIPACOQUE', NULL, NULL),
	(307, '15', '814', 'TOCA', NULL, NULL),
	(308, '15', '816', 'TOGsI', NULL, NULL),
	(309, '15', '820', 'TOPAGA', NULL, NULL),
	(310, '15', '822', 'TOTA', NULL, NULL),
	(311, '15', '832', 'TUNUNGUA', NULL, NULL),
	(312, '15', '835', 'TURMEQUE', NULL, NULL),
	(313, '15', '837', 'TUTA', NULL, NULL),
	(314, '15', '839', 'TUTAZA', NULL, NULL),
	(315, '15', '842', 'UMBITA', NULL, NULL),
	(316, '15', '861', 'VENTAQUEMADA', NULL, NULL),
	(317, '15', '879', 'VIRACACHA', NULL, NULL),
	(318, '15', '897', 'ZETAQUIRA', NULL, NULL),
	(319, '17', '001', 'MANIZALES', NULL, NULL),
	(320, '17', '013', 'AGUADAS', NULL, NULL),
	(321, '17', '042', 'ANSERMA', NULL, NULL),
	(322, '17', '050', 'ARANZAZU', NULL, NULL),
	(323, '17', '088', 'BELALCAZAR', NULL, NULL),
	(324, '17', '174', 'CHINCHINA', NULL, NULL),
	(325, '17', '272', 'FILADELFIA', NULL, NULL),
	(326, '17', '380', 'LA DORADA', NULL, NULL),
	(327, '17', '388', 'LA MERCED', NULL, NULL),
	(328, '17', '433', 'MANZANARES', NULL, NULL),
	(329, '17', '442', 'MARMATO', NULL, NULL),
	(330, '17', '444', 'MARQUETALIA', NULL, NULL),
	(331, '17', '446', 'MARULANDA', NULL, NULL),
	(332, '17', '486', 'NEIRA', NULL, NULL),
	(333, '17', '495', 'NORCASIA', NULL, NULL),
	(334, '17', '513', 'PACORA', NULL, NULL),
	(335, '17', '524', 'PALESTINA', NULL, NULL),
	(336, '17', '541', 'PENSILVANIA', NULL, NULL),
	(337, '17', '614', 'RIOSUCIO', NULL, NULL),
	(338, '17', '616', 'RISARALDA', NULL, NULL),
	(339, '17', '653', 'SALAMINA', NULL, NULL),
	(340, '17', '662', 'SAMANA', NULL, NULL),
	(341, '17', '665', 'SAN JOSE', NULL, NULL),
	(342, '17', '777', 'SUPIA', NULL, NULL),
	(343, '17', '867', 'VICTORIA', NULL, NULL),
	(344, '17', '873', 'VILLAMARIA', NULL, NULL),
	(345, '17', '877', 'VITERBO', NULL, NULL),
	(346, '18', '001', 'FLORENCIA', NULL, NULL),
	(347, '18', '029', 'ALBANIA', NULL, NULL),
	(348, '18', '094', 'BELEN DE LOS ANDAQUIES', NULL, NULL),
	(349, '18', '150', 'CARTAGENA DEL CHAIRA', NULL, NULL),
	(350, '18', '205', 'CURILLO', NULL, NULL),
	(351, '18', '247', 'EL DONCELLO', NULL, NULL),
	(352, '18', '256', 'EL PAUJIL', NULL, NULL),
	(353, '18', '410', 'LA MONTAÑITA', NULL, NULL),
	(354, '18', '460', 'MILAN', NULL, NULL),
	(355, '18', '479', 'MORELIA', NULL, NULL),
	(356, '18', '592', 'PUERTO RICO', NULL, NULL),
	(357, '18', '610', 'SAN JOSE DEL FRAGUA', NULL, NULL),
	(358, '18', '753', 'SAN VICENTE DEL CAGUAN', NULL, NULL),
	(359, '18', '756', 'SOLANO', NULL, NULL),
	(360, '18', '785', 'SOLITA', NULL, NULL),
	(361, '18', '860', 'VALPARAISO', NULL, NULL),
	(362, '19', '001', 'POPAYAN', NULL, NULL),
	(363, '19', '022', 'ALMAGUER', NULL, NULL),
	(364, '19', '050', 'ARGELIA', NULL, NULL),
	(365, '19', '075', 'BALBOA', NULL, NULL),
	(366, '19', '100', 'BOLIVAR', NULL, NULL),
	(367, '19', '110', 'BUENOS AIRES', NULL, NULL),
	(368, '19', '130', 'CAJIBIO', NULL, NULL),
	(369, '19', '137', 'CALDONO', NULL, NULL),
	(370, '19', '142', 'CALOTO', NULL, NULL),
	(371, '19', '212', 'CORINTO', NULL, NULL),
	(372, '19', '256', 'EL TAMBO', NULL, NULL),
	(373, '19', '290', 'FLORENCIA', NULL, NULL),
	(374, '19', '300', 'GUACHENE', NULL, NULL),
	(375, '19', '318', 'GUAPI', NULL, NULL),
	(376, '19', '355', 'INZA', NULL, NULL),
	(377, '19', '364', 'JAMBALO', NULL, NULL),
	(378, '19', '392', 'LA SIERRA', NULL, NULL),
	(379, '19', '397', 'LA VEGA', NULL, NULL),
	(380, '19', '418', 'LOPEZ', NULL, NULL),
	(381, '19', '450', 'MERCADERES', NULL, NULL),
	(382, '19', '455', 'MIRANDA', NULL, NULL),
	(383, '19', '473', 'MORALES', NULL, NULL),
	(384, '19', '513', 'PADILLA', NULL, NULL),
	(385, '19', '517', 'PAEZ', NULL, NULL),
	(386, '19', '532', 'PATIA', NULL, NULL),
	(387, '19', '533', 'PIAMONTE', NULL, NULL),
	(388, '19', '548', 'PIENDAMO', NULL, NULL),
	(389, '19', '573', 'PUERTO TEJADA', NULL, NULL),
	(390, '19', '585', 'PURACE', NULL, NULL),
	(391, '19', '622', 'ROSAS', NULL, NULL),
	(392, '19', '693', 'SAN SEBASTIAN', NULL, NULL),
	(393, '19', '698', 'SANTANDER DE QUILICHAO', NULL, NULL),
	(394, '19', '701', 'SANTA ROSA', NULL, NULL),
	(395, '19', '743', 'SILVIA', NULL, NULL),
	(396, '19', '760', 'SOTARA', NULL, NULL),
	(397, '19', '780', 'SUAREZ', NULL, NULL),
	(398, '19', '785', 'SUCRE', NULL, NULL),
	(399, '19', '807', 'TIMBIO', NULL, NULL),
	(400, '19', '809', 'TIMBIQUI', NULL, NULL),
	(401, '19', '821', 'TORIBIO', NULL, NULL),
	(402, '19', '824', 'TOTORO', NULL, NULL),
	(403, '19', '845', 'VILLA RICA', NULL, NULL),
	(404, '20', '001', 'VALLEDUPAR', NULL, NULL),
	(405, '20', '011', 'AGUACHICA', NULL, NULL),
	(406, '20', '013', 'AGUSTIN CODAZZI', NULL, NULL),
	(407, '20', '032', 'ASTREA', NULL, NULL),
	(408, '20', '045', 'BECERRIL', NULL, NULL),
	(409, '20', '060', 'BOSCONIA', NULL, NULL),
	(410, '20', '175', 'CHIMICHAGUA', NULL, NULL),
	(411, '20', '178', 'CHIRIGUANA', NULL, NULL),
	(412, '20', '228', 'CURUMANI', NULL, NULL),
	(413, '20', '238', 'EL COPEY', NULL, NULL),
	(414, '20', '250', 'EL PASO', NULL, NULL),
	(415, '20', '295', 'GAMARRA', NULL, NULL),
	(416, '20', '310', 'GONZALEZ', NULL, NULL),
	(417, '20', '383', 'LA GLORIA', NULL, NULL),
	(418, '20', '400', 'LA JAGUA DE IBIRICO', NULL, NULL),
	(419, '20', '443', 'MANAURE', NULL, NULL),
	(420, '20', '517', 'PAILITAS', NULL, NULL),
	(421, '20', '550', 'PELAYA', NULL, NULL),
	(422, '20', '570', 'PUEBLO BELLO', NULL, NULL),
	(423, '20', '614', 'RIO DE ORO', NULL, NULL),
	(424, '20', '621', 'LA PAZ', NULL, NULL),
	(425, '20', '710', 'SAN ALBERTO', NULL, NULL),
	(426, '20', '750', 'SAN DIEGO', NULL, NULL),
	(427, '20', '770', 'SAN MARTIN', NULL, NULL),
	(428, '20', '787', 'TAMALAMEQUE', NULL, NULL),
	(429, '20', '001', 'MONTERIA', NULL, NULL),
	(430, '20', '068', 'AYAPEL', NULL, NULL),
	(431, '20', '079', 'BUENAVISTA', NULL, NULL),
	(432, '20', '090', 'CANALETE', NULL, NULL),
	(433, '20', '162', 'CERETE', NULL, NULL),
	(434, '20', '168', 'CHIMA', NULL, NULL),
	(435, '20', '182', 'CHINU', NULL, NULL),
	(436, '20', '189', 'CIENAGA DE ORO', NULL, NULL),
	(437, '20', '300', 'COTORRA', NULL, NULL),
	(438, '20', '350', 'LA APARTADA', NULL, NULL),
	(439, '20', '417', 'LORICA', NULL, NULL),
	(440, '20', '419', 'LOS CORDOBAS', NULL, NULL),
	(441, '20', '464', 'MOMIL', NULL, NULL),
	(442, '20', '466', 'MONTELIBANO', NULL, NULL),
	(443, '20', '500', 'MOÑITOS', NULL, NULL),
	(444, '20', '555', 'PLANETA RICA', NULL, NULL),
	(445, '20', '570', 'PUEBLO NUEVO', NULL, NULL),
	(446, '20', '574', 'PUERTO ESCONDIDO', NULL, NULL),
	(447, '20', '580', 'PUERTO LIBERTADOR', NULL, NULL),
	(448, '20', '586', 'PURISIMA', NULL, NULL),
	(449, '20', '660', 'SAHAGUN', NULL, NULL),
	(450, '20', '670', 'SAN ANDRES SOTAVENTO', NULL, NULL),
	(451, '20', '672', 'SAN ANTERO', NULL, NULL),
	(452, '20', '675', 'SAN BERNARDO DEL VIENTO', NULL, NULL),
	(453, '20', '678', 'SAN CARLOS', NULL, NULL),
	(454, '20', '686', 'SAN PELAYO', NULL, NULL),
	(455, '20', '807', 'TIERRALTA', NULL, NULL),
	(456, '20', '855', 'VALENCIA', NULL, NULL),
	(457, '25', '001', 'AGUA DE DIOS', NULL, NULL),
	(458, '25', '019', 'ALBAN', NULL, NULL),
	(459, '25', '035', 'ANAPOIMA', NULL, NULL),
	(460, '25', '040', 'ANOLAIMA', NULL, NULL),
	(461, '25', '053', 'ARBELAEZ', NULL, NULL),
	(462, '25', '086', 'BELTRAN', NULL, NULL),
	(463, '25', '095', 'BITUIMA', NULL, NULL),
	(464, '25', '099', 'BOJACA', NULL, NULL),
	(465, '25', '120', 'CABRERA', NULL, NULL),
	(466, '25', '123', 'CACHIPAY', NULL, NULL),
	(467, '25', '126', 'CAJICA', NULL, NULL),
	(468, '25', '148', 'CAPARRAPI', NULL, NULL),
	(469, '25', '151', 'CAQUEZA', NULL, NULL),
	(470, '25', '154', 'CARMEN DE CARUPA', NULL, NULL),
	(471, '25', '168', 'CHAGUANI', NULL, NULL),
	(472, '25', '175', 'CHIA', NULL, NULL),
	(473, '25', '178', 'CHIPAQUE', NULL, NULL),
	(474, '25', '181', 'CHOACHI', NULL, NULL),
	(475, '25', '183', 'CHOCONTA', NULL, NULL),
	(476, '25', '200', 'COGUA', NULL, NULL),
	(477, '25', '214', 'COTA', NULL, NULL),
	(478, '25', '224', 'CUCUNUBA', NULL, NULL),
	(479, '25', '245', 'EL COLEGIO', NULL, NULL),
	(480, '25', '258', 'EL PEÑON', NULL, NULL),
	(481, '25', '260', 'EL ROSAL', NULL, NULL),
	(482, '25', '269', 'FACATATIVA', NULL, NULL),
	(483, '25', '279', 'FOMEQUE', NULL, NULL),
	(484, '25', '281', 'FOSCA', NULL, NULL),
	(485, '25', '286', 'FUNZA', NULL, NULL),
	(486, '25', '288', 'FUQUENE', NULL, NULL),
	(487, '25', '290', 'FUSAGASUGA', NULL, NULL),
	(488, '25', '293', 'GACHALA', NULL, NULL),
	(489, '25', '295', 'GACHANCIPA', NULL, NULL),
	(490, '25', '297', 'GACHETA', NULL, NULL),
	(491, '25', '299', 'GAMA', NULL, NULL),
	(492, '25', '307', 'GIRARDOT', NULL, NULL),
	(493, '25', '312', 'GRANADA', NULL, NULL),
	(494, '25', '317', 'GUACHETA', NULL, NULL),
	(495, '25', '320', 'GUADUAS', NULL, NULL),
	(496, '25', '322', 'GUASCA', NULL, NULL),
	(497, '25', '324', 'GUATAQUI', NULL, NULL),
	(498, '25', '326', 'GUATAVITA', NULL, NULL),
	(499, '25', '328', 'GUAYABAL DE SIQUIMA', NULL, NULL),
	(500, '25', '335', 'GUAYABETAL', NULL, NULL),
	(501, '25', '339', 'GUTIERREZ', NULL, NULL),
	(502, '25', '368', 'JERUSALEN', NULL, NULL),
	(503, '25', '372', 'JUNIN', NULL, NULL),
	(504, '25', '377', 'LA CALERA', NULL, NULL),
	(505, '25', '386', 'LA MESA', NULL, NULL),
	(506, '25', '394', 'LA PALMA', NULL, NULL),
	(507, '25', '398', 'LA PEÑA', NULL, NULL),
	(508, '25', '402', 'LA VEGA', NULL, NULL),
	(509, '25', '407', 'LENGUAZAQUE', NULL, NULL),
	(510, '25', '426', 'MACHETA', NULL, NULL),
	(511, '25', '430', 'MADRID', NULL, NULL),
	(512, '25', '436', 'MANTA', NULL, NULL),
	(513, '25', '438', 'MEDINA', NULL, NULL),
	(514, '25', '473', 'MOSQUERA', NULL, NULL),
	(515, '25', '483', 'NARIÑO', NULL, NULL),
	(516, '25', '486', 'NEMOCON', NULL, NULL),
	(517, '25', '488', 'NILO', NULL, NULL),
	(518, '25', '489', 'NIMAIMA', NULL, NULL),
	(519, '25', '491', 'NOCAIMA', NULL, NULL),
	(520, '25', '506', 'VENECIA', NULL, NULL),
	(521, '25', '513', 'PACHO', NULL, NULL),
	(522, '25', '518', 'PAIME', NULL, NULL),
	(523, '25', '524', 'PANDI', NULL, NULL),
	(524, '25', '530', 'PARATEBUENO', NULL, NULL),
	(525, '25', '535', 'PASCA', NULL, NULL),
	(526, '25', '572', 'PUERTO SALGAR', NULL, NULL),
	(527, '25', '580', 'PULI', NULL, NULL),
	(528, '25', '592', 'QUEBRADANEGRA', NULL, NULL),
	(529, '25', '594', 'QUETAME', NULL, NULL),
	(530, '25', '596', 'QUIPILE', NULL, NULL),
	(531, '25', '599', 'APULO', NULL, NULL),
	(532, '25', '612', 'RICAURTE', NULL, NULL),
	(533, '25', '645', 'SAN ANTONIO DEL TEQUENDAMA', NULL, NULL),
	(534, '25', '649', 'SAN BERNARDO', NULL, NULL),
	(535, '25', '653', 'SAN CAYETANO', NULL, NULL),
	(536, '25', '658', 'SAN FRANCISCO', NULL, NULL),
	(537, '25', '662', 'SAN JUAN DE RIO SECO', NULL, NULL),
	(538, '25', '718', 'SASAIMA', NULL, NULL),
	(539, '25', '736', 'SESQUILE', NULL, NULL),
	(540, '25', '740', 'SIBATE', NULL, NULL),
	(541, '25', '743', 'SILVANIA', NULL, NULL),
	(542, '25', '745', 'SIMIJACA', NULL, NULL),
	(543, '25', '754', 'SOACHA', NULL, NULL),
	(544, '25', '758', 'SOPO', NULL, NULL),
	(545, '25', '769', 'SUBACHOQUE', NULL, NULL),
	(546, '25', '772', 'SUESCA', NULL, NULL),
	(547, '25', '777', 'SUPATA', NULL, NULL),
	(548, '25', '779', 'SUSA', NULL, NULL),
	(549, '25', '781', 'SUTATAUSA', NULL, NULL),
	(550, '25', '785', 'TABIO', NULL, NULL),
	(551, '25', '793', 'TAUSA', NULL, NULL),
	(552, '25', '797', 'TENA', NULL, NULL),
	(553, '25', '799', 'TENJO', NULL, NULL),
	(554, '25', '805 ', 'TIBACUY', NULL, NULL),
	(555, '25', '807', 'TIBIRITA', NULL, NULL),
	(556, '25', '815', 'TOCAIMA', NULL, NULL),
	(557, '25', '817', 'TOCANCIPA', NULL, NULL),
	(558, '25', '823', 'TOPAIPI', NULL, NULL),
	(559, '25', '839', 'UBALA', NULL, NULL),
	(560, '25', '841', 'UBAQUE', NULL, NULL),
	(561, '25', '843', 'VILLA DE SAN DIEGO DE UBATE', NULL, NULL),
	(562, '25', '845', 'UNE', NULL, NULL),
	(563, '25', '851', 'UTICA', NULL, NULL),
	(564, '25', '862', 'VERGARA', NULL, NULL),
	(565, '25', '867', 'VIANI', NULL, NULL),
	(566, '25', '871', 'VILLAGOMEZ', NULL, NULL),
	(567, '25', '873', 'VILLAPINZON', NULL, NULL),
	(568, '25', '875', 'VILLETA', NULL, NULL),
	(569, '25', '878', 'VIOTA', NULL, NULL),
	(570, '25', '885', 'YACOPI', NULL, NULL),
	(571, '25', '898', 'ZIPACON', NULL, NULL),
	(572, '25', '899', 'ZIPAQUIRA', NULL, NULL),
	(573, '27', '001', 'QUIBDO', NULL, NULL),
	(574, '27', '006', 'ACANDI', NULL, NULL),
	(575, '27', '025', 'ALTO BAUDO', NULL, NULL),
	(576, '27', '050', 'ATRATO', NULL, NULL),
	(577, '27', '073', 'BAGADO', NULL, NULL),
	(578, '27', '075', 'BAHIA SOLANO', NULL, NULL),
	(579, '27', '077', 'BAJO BAUDO', NULL, NULL),
	(580, '27', '099', 'BOJAYA', NULL, NULL),
	(581, '27', '135', 'EL CANTON DEL SAN PABLO', NULL, NULL),
	(582, '27', '150', 'CARMEN DEL DARIEN', NULL, NULL),
	(583, '27', '160', 'CERTEGUI', NULL, NULL),
	(584, '27', '205 ', 'CONDOTO', NULL, NULL),
	(585, '27', '245', 'EL CARMEN DE ATRATO', NULL, NULL),
	(586, '27', '250', 'EL LITORAL DEL SAN JUAN', NULL, NULL),
	(587, '27', '361', 'ISTMINA', NULL, NULL),
	(588, '27', '372', 'JURADO', NULL, NULL),
	(589, '27', '413', 'LLORO', NULL, NULL),
	(590, '27', '425', 'MEDIO ATRATO', NULL, NULL),
	(591, '27', '430', 'MEDIO BAUDO', NULL, NULL),
	(592, '27', '450', 'MEDIO SAN JUAN', NULL, NULL),
	(593, '27', '491', 'NOVITA', NULL, NULL),
	(594, '27', '495', 'NUQUI', NULL, NULL),
	(595, '27', '580', 'RIO IRO', NULL, NULL),
	(596, '27', '600', 'RIO QUITO', NULL, NULL),
	(597, '27', '615', 'RIOSUCIO', NULL, NULL),
	(598, '27', '660', 'SAN JOSE DEL PALMAR', NULL, NULL),
	(599, '27', '745', 'SIPI', NULL, NULL),
	(600, '27', '787', 'TADO', NULL, NULL),
	(601, '27', '800', 'UNGUIA', NULL, NULL),
	(602, '27', '810', 'UNION PANAMERICANA', NULL, NULL),
	(603, '41', '001', 'NEIVA', NULL, NULL),
	(604, '41', '006', 'ACEVEDO', NULL, NULL),
	(605, '41', '013', 'AGRADO', NULL, NULL),
	(606, '41', '016', 'AIPE', NULL, NULL),
	(607, '41', '020', 'ALGECIRAS', NULL, NULL),
	(608, '41', '026', 'ALTAMIRA', NULL, NULL),
	(609, '41', '078', 'BARAYA', NULL, NULL),
	(610, '41', '132', 'CAMPOALEGRE', NULL, NULL),
	(611, '41', '206', 'COLOMBIA', NULL, NULL),
	(612, '41', '244', 'ELIAS', NULL, NULL),
	(613, '41', '298', 'GARZON', NULL, NULL),
	(614, '41', '306', 'GIGANTE', NULL, NULL),
	(615, '41', '319', 'GUADALUPE', NULL, NULL),
	(616, '41', '349', 'HOBO', NULL, NULL),
	(617, '41', '357', 'IQUIRA', NULL, NULL),
	(618, '41', '359', 'ISNOS', NULL, NULL),
	(619, '41', '378', 'LA ARGENTINA', NULL, NULL),
	(620, '41', '396', 'LA PLATA', NULL, NULL),
	(621, '41', '483', 'NATAGA', NULL, NULL),
	(622, '41', '503', 'OPORAPA', NULL, NULL),
	(623, '41', '518', 'PAICOL', NULL, NULL),
	(624, '41', '524', 'PALERMO', NULL, NULL),
	(625, '41', '530', 'PALESTINA', NULL, NULL),
	(626, '41', '548', 'PITAL', NULL, NULL),
	(627, '41', '551', 'PITALITO', NULL, NULL),
	(628, '41', '615', 'RIVERA', NULL, NULL),
	(629, '41', '660', 'SALADOBLANCO', NULL, NULL),
	(630, '41', '668', 'SAN AGUSTIN', NULL, NULL),
	(631, '41', '676', 'SANTA MARIA', NULL, NULL),
	(632, '41', '770', 'SUAZA', NULL, NULL),
	(633, '41', '791', 'TARQUI', NULL, NULL),
	(634, '41', '797', 'TESALIA', NULL, NULL),
	(635, '41', '799', 'TELLO', NULL, NULL),
	(636, '41', '801', 'TERUEL', NULL, NULL),
	(637, '41', '807', 'TIMANA', NULL, NULL),
	(638, '41', '872', 'VILLAVIEJA', NULL, NULL),
	(639, '41', '885', 'YAGUARA', NULL, NULL),
	(640, '44', '001', 'RIOHACHA', NULL, NULL),
	(641, '44', '035', 'ALBANIA', NULL, NULL),
	(642, '44', '078', 'BARRANCAS', NULL, NULL),
	(643, '44', '090', 'DIBULLA', NULL, NULL),
	(644, '44', '098', 'DISTRACCION', NULL, NULL),
	(645, '44', '110', 'EL MOLINO', NULL, NULL),
	(646, '44', '279', 'FONSECA', NULL, NULL),
	(647, '44', '378', 'HATONUEVO', NULL, NULL),
	(648, '44', '420', 'LA JAGUA DEL PILAR', NULL, NULL),
	(649, '44', '430', 'MAICAO', NULL, NULL),
	(650, '44', '560', 'MANAURE', NULL, NULL),
	(651, '44', '650', 'SAN JUAN DEL CESAR', NULL, NULL),
	(652, '44', '847', 'URIBIA', NULL, NULL),
	(653, '44', '855', 'URUMITA', NULL, NULL),
	(654, '44', '874', 'VILLANUEVA', NULL, NULL),
	(655, '47', '001', 'SANTA MARTA', NULL, NULL),
	(656, '47', '030', 'ALGARROBO', NULL, NULL),
	(657, '47', '053', 'ARACATACA', NULL, NULL),
	(658, '47', '058', 'ARIGUANI', NULL, NULL),
	(659, '47', '161', 'CERRO SAN ANTONIO', NULL, NULL),
	(660, '47', '170', 'CHIBOLO', NULL, NULL),
	(661, '47', '189', 'CIENAGA', NULL, NULL),
	(662, '47', '205', 'CONCORDIA', NULL, NULL),
	(663, '47', '245', 'EL BANCO', NULL, NULL),
	(664, '47', '258', 'EL PIÑON', NULL, NULL),
	(665, '47', '268', 'EL RETEN', NULL, NULL),
	(666, '47', '288', 'FUNDACION', NULL, NULL),
	(667, '47', '318', 'GUAMAL', NULL, NULL),
	(668, '47', '460', 'NUEVA GRANADA', NULL, NULL),
	(669, '47', '541', 'PEDRAZA', NULL, NULL),
	(670, '47', '545', 'PIJIÑO DEL CARMEN', NULL, NULL),
	(671, '47', '551', 'PIVIJAY', NULL, NULL),
	(672, '47', '555', 'PLATO', NULL, NULL),
	(673, '47', '570', 'PUEBLOVIEJO', NULL, NULL),
	(674, '47', '605', 'REMOLINO', NULL, NULL),
	(675, '47', '660', 'SABANAS DE SAN ANGEL', NULL, NULL),
	(676, '47', '675', 'SALAMINA', NULL, NULL),
	(677, '47', '692', 'SAN SEBASTIAN DE BUENAVISTA', NULL, NULL),
	(678, '47', '703', 'SAN ZENON', NULL, NULL),
	(679, '47', '707', 'SANTA ANA', NULL, NULL),
	(680, '47', '720', 'SANTA BARBARA DE PINTO', NULL, NULL),
	(681, '47', '745', 'SITIONUEVO', NULL, NULL),
	(682, '47', '798', 'TENERIFE', NULL, NULL),
	(683, '47', '960', 'ZAPAYAN', NULL, NULL),
	(684, '47', '980', 'ZONA BANANERA', NULL, NULL),
	(685, '50', '001', 'VILLAVICENCIO', NULL, NULL),
	(686, '50', '006', 'ACACIAS', NULL, NULL),
	(687, '50', '110', 'BARRANCA DE UPIA', NULL, NULL),
	(688, '50', '124', 'CABUYARO', NULL, NULL),
	(689, '50', '150', 'CASTILLA LA NUEVA', NULL, NULL),
	(690, '50', '223', 'CUBARRAL', NULL, NULL),
	(691, '50', '226', 'CUMARAL', NULL, NULL),
	(692, '50', '245', 'EL CALVARIO', NULL, NULL),
	(693, '50', '251', 'EL CASTILLO', NULL, NULL),
	(694, '50', '270', 'EL DORADO', NULL, NULL),
	(695, '50', '287', 'FUENTE DE ORO', NULL, NULL),
	(696, '50', '313', 'GRANADA', NULL, NULL),
	(697, '50', '318', 'GUAMAL', NULL, NULL),
	(698, '50', '325', 'MAPIRIPAN', NULL, NULL),
	(699, '50', '330', 'MESETAS', NULL, NULL),
	(700, '50', '350', 'LA MACARENA', NULL, NULL),
	(701, '50', '370', 'URIBE', NULL, NULL),
	(702, '50', '400', 'LEJANIAS', NULL, NULL),
	(703, '50', '450', 'PUERTO CONCORDIA', NULL, NULL),
	(704, '50', '568', 'PUERTO GAITAN', NULL, NULL),
	(705, '50', '573', 'PUERTO LOPEZ', NULL, NULL),
	(706, '50', '577', 'PUERTO LLERAS', NULL, NULL),
	(707, '50', '590', 'PUERTO RICO', NULL, NULL),
	(708, '50', '606', 'RESTREPO', NULL, NULL),
	(709, '50', '680', 'SAN CARLOS DE GUAROA', NULL, NULL),
	(710, '50', '683', 'SAN JUAN DE ARAMA', NULL, NULL),
	(711, '50', '686', 'SAN JUANITO', NULL, NULL),
	(712, '50', '689', 'SAN MARTIN', NULL, NULL),
	(713, '50', '711', 'VISTAHERMOSA', NULL, NULL),
	(714, '52', '001', 'PASTO', NULL, NULL),
	(715, '52', '019', 'ALBAN', NULL, NULL),
	(716, '52', '022', 'ALDANA', NULL, NULL),
	(717, '52', '036', 'ANCUYA', NULL, NULL),
	(718, '52', '051', 'ARBOLEDA', NULL, NULL),
	(719, '52', '079', 'BARBACOAS', NULL, NULL),
	(720, '52', '083', 'BELEN', NULL, NULL),
	(721, '52', '110', 'BUESACO', NULL, NULL),
	(722, '52', '203', 'COLON', NULL, NULL),
	(723, '52', '207', 'CONSACA', NULL, NULL),
	(724, '52', '210', 'CONTADERO', NULL, NULL),
	(725, '52', '215', 'CORDOBA', NULL, NULL),
	(726, '52', '224', 'CUASPUD', NULL, NULL),
	(727, '52', '227', 'CUMBAL', NULL, NULL),
	(728, '52', '233', 'CUMBITARA', NULL, NULL),
	(729, '52', '240', 'CHACHAGsI', NULL, NULL),
	(730, '52', '250', 'EL CHARCO', NULL, NULL),
	(731, '52', '254', 'EL PEÑOL', NULL, NULL),
	(732, '52', '256', 'EL ROSARIO', NULL, NULL),
	(733, '52', '258', 'EL TABLON DE GOMEZ', NULL, NULL),
	(734, '52', '260', 'EL TAMBO', NULL, NULL),
	(735, '52', '287', 'FUNES', NULL, NULL),
	(736, '52', '317', 'GUACHUCAL', NULL, NULL),
	(737, '52', '320', 'GUAITARILLA', NULL, NULL),
	(738, '52', '323', 'GUALMATAN', NULL, NULL),
	(739, '52', '352', 'ILES', NULL, NULL),
	(740, '52', '354', 'IMUES', NULL, NULL),
	(741, '52', '356', 'IPIALES', NULL, NULL),
	(742, '52', '378', 'LA CRUZ', NULL, NULL),
	(743, '52', '381', 'LA FLORIDA', NULL, NULL),
	(744, '52', '385', 'LA LLANADA', NULL, NULL),
	(745, '52', '390', 'LA TOLA', NULL, NULL),
	(746, '52', '399', 'LA UNION', NULL, NULL),
	(747, '52', '405', 'LEIVA', NULL, NULL),
	(748, '52', '411', 'LINARES', NULL, NULL),
	(749, '52', '418', 'LOS ANDES', NULL, NULL),
	(750, '52', '427', 'MAGsI', NULL, NULL),
	(751, '52', '435', 'MALLAMA', NULL, NULL),
	(752, '52', '473', 'MOSQUERA', NULL, NULL),
	(753, '52', '480', 'NARIÑO', NULL, NULL),
	(754, '52', '490', 'OLAYA HERRERA', NULL, NULL),
	(755, '52', '506', 'OSPINA', NULL, NULL),
	(756, '52', '520', 'FRANCISCO PIZARRO', NULL, NULL),
	(757, '52', '540', 'POLICARPA', NULL, NULL),
	(758, '52', '560', 'POTOSI', NULL, NULL),
	(759, '52', '565', 'PROVIDENCIA', NULL, NULL),
	(760, '52', '573', 'PUERRES', NULL, NULL),
	(761, '52', '585', 'PUPIALES', NULL, NULL),
	(762, '52', '612', 'RICAURTE', NULL, NULL),
	(763, '52', '621', 'ROBERTO PAYAN', NULL, NULL),
	(764, '52', '678', 'SAMANIEGO', NULL, NULL),
	(765, '52', '683', 'SANDONA', NULL, NULL),
	(766, '52', '685', 'SAN BERNARDO', NULL, NULL),
	(767, '52', '687', 'SAN LORENZO', NULL, NULL),
	(768, '52', '693', 'SAN PABLO', NULL, NULL),
	(769, '52', '694', 'SAN PEDRO DE CARTAGO', NULL, NULL),
	(770, '52', '696', 'SANTA BARBARA', NULL, NULL),
	(771, '52', '699', 'SANTACRUZ', NULL, NULL),
	(772, '52', '720', 'SAPUYES', NULL, NULL),
	(773, '52', '786', 'TAMINANGO', NULL, NULL),
	(774, '52', '788', 'TANGUA', NULL, NULL),
	(775, '52', '835', 'SAN ANDRES DE TUMACO', NULL, NULL),
	(776, '52', '838', 'TUQUERRES', NULL, NULL),
	(777, '52', '885', 'YACUANQUER', NULL, NULL),
	(778, '54', '001', 'CUCUTA', NULL, NULL),
	(779, '54', '003', 'ABREGO', NULL, NULL),
	(780, '54', '051', 'ARBOLEDAS', NULL, NULL),
	(781, '54', '099', 'BOCHALEMA', NULL, NULL),
	(782, '54', '109', 'BUCARASICA', NULL, NULL),
	(783, '54', '125', 'CACOTA', NULL, NULL),
	(784, '54', '128', 'CACHIRA', NULL, NULL),
	(785, '54', '172', 'CHINACOTA', NULL, NULL),
	(786, '54', '174', 'CHITAGA', NULL, NULL),
	(787, '54', '206', 'CONVENCION', NULL, NULL),
	(788, '54', '223', 'CUCUTILLA', NULL, NULL),
	(789, '54', '239', 'DURANIA', NULL, NULL),
	(790, '54', '245', 'EL CARMEN', NULL, NULL),
	(791, '54', '250', 'EL TARRA', NULL, NULL),
	(792, '54', '261', 'EL ZULIA', NULL, NULL),
	(793, '54', '313', 'GRAMALOTE', NULL, NULL),
	(794, '54', '344', 'HACARI', NULL, NULL),
	(795, '54', '347', 'HERRAN', NULL, NULL),
	(796, '54', '377', 'LABATECA', NULL, NULL),
	(797, '54', '385', 'LA ESPERANZA', NULL, NULL),
	(798, '54', '398', 'LA PLAYA', NULL, NULL),
	(799, '54', '405 ', 'LOS PATIOS', NULL, NULL),
	(800, '54', '418', 'LOURDES', NULL, NULL),
	(801, '54', '480', 'MUTISCUA', NULL, NULL),
	(802, '54', '498', 'OCAÑA', NULL, NULL),
	(803, '54', '518', 'PAMPLONA', NULL, NULL),
	(804, '54', '520', 'PAMPLONITA', NULL, NULL),
	(805, '54', '553', 'PUERTO SANTANDER', NULL, NULL),
	(806, '54', '599', 'RAGONVALIA', NULL, NULL),
	(807, '54', '660', 'SALAZAR', NULL, NULL),
	(808, '54', '670', 'SAN CALIXTO', NULL, NULL),
	(809, '54', '673', 'SAN CAYETANO', NULL, NULL),
	(810, '54', '680', 'SANTIAGO', NULL, NULL),
	(811, '54', '720', 'SARDINATA', NULL, NULL),
	(812, '54', '743', 'SILOS', NULL, NULL),
	(813, '54', '800', 'TEORAMA', NULL, NULL),
	(814, '54', '810', 'TIBU', NULL, NULL),
	(815, '54', '820', 'TOLEDO', NULL, NULL),
	(816, '54', '871', 'VILLA CARO', NULL, NULL),
	(817, '54', '874', 'VILLA DEL ROSARIO', NULL, NULL),
	(818, '63', '001', 'ARMENIA', NULL, NULL),
	(819, '63', '111', 'BUENAVISTA', NULL, NULL),
	(820, '63', '130', 'CALARCA', NULL, NULL),
	(821, '63', '190', 'CIRCASIA', NULL, NULL),
	(822, '63', '212', 'CORDOBA', NULL, NULL),
	(823, '63', '272', 'FILANDIA', NULL, NULL),
	(824, '63', '302', 'GENOVA', NULL, NULL),
	(825, '63', '401', 'LA TEBAIDA', NULL, NULL),
	(826, '63', '470', 'MONTENEGRO', NULL, NULL),
	(827, '63', '548', 'PIJAO', NULL, NULL),
	(828, '63', '594', 'QUIMBAYA', NULL, NULL),
	(829, '63', '690', 'SALENTO', NULL, NULL),
	(830, '66', '001', 'PEREIRA', NULL, NULL),
	(831, '66', '045', 'APIA', NULL, NULL),
	(832, '66', '075', 'BALBOA', NULL, NULL),
	(833, '66', '088', 'BELEN DE UMBRIA', NULL, NULL),
	(834, '66', '170', 'DOSQUEBRADAS', NULL, NULL),
	(835, '66', '318', 'GUATICA', NULL, NULL),
	(836, '66', '383', 'LA CELIA', NULL, NULL),
	(837, '66', '400', 'LA VIRGINIA', NULL, NULL),
	(838, '66', '440', 'MARSELLA', NULL, NULL),
	(839, '66', '456', 'MISTRATO', NULL, NULL),
	(840, '66', '572', 'PUEBLO RICO', NULL, NULL),
	(841, '66', '594', 'QUINCHIA', NULL, NULL),
	(842, '66', '682', 'SANTA ROSA DE CABAL', NULL, NULL),
	(843, '66', '687', 'SANTUARIO', NULL, NULL),
	(844, '68', '001', 'BUCARAMANGA', NULL, NULL),
	(845, '68', '013', 'AGUADA', NULL, NULL),
	(846, '68', '020', 'ALBANIA', NULL, NULL),
	(847, '68', '051', 'ARATOCA', NULL, NULL),
	(848, '68', '077', 'BARBOSA', NULL, NULL),
	(849, '68', '079', 'BARICHARA', NULL, NULL),
	(850, '68', '081', 'BARRANCABERMEJA', NULL, NULL),
	(851, '68', '092', 'BETULIA', NULL, NULL),
	(852, '68', '101', 'BOLIVAR', NULL, NULL),
	(853, '68', '121', 'CABRERA', NULL, NULL),
	(854, '68', '132', 'CALIFORNIA', NULL, NULL),
	(855, '68', '147', 'CAPITANEJO', NULL, NULL),
	(856, '68', '152', 'CARCASI', NULL, NULL),
	(857, '68', '160', 'CEPITA', NULL, NULL),
	(858, '68', '162', 'CERRITO', NULL, NULL),
	(859, '68', '167', 'CHARALA', NULL, NULL),
	(860, '68', '169', 'CHARTA', NULL, NULL),
	(861, '68', '176', 'CHIMA', NULL, NULL),
	(862, '68', '179', 'CHIPATA', NULL, NULL),
	(863, '68', '190', 'CIMITARRA', NULL, NULL),
	(864, '68', '207', 'CONCEPCION', NULL, NULL),
	(865, '68', '209', 'CONFINES', NULL, NULL),
	(866, '68', '211', 'CONTRATACION', NULL, NULL),
	(867, '68', '217', 'COROMORO', NULL, NULL),
	(868, '68', '229', 'CURITI', NULL, NULL),
	(869, '68', '235', 'EL CARMEN DE CHUCURI', NULL, NULL),
	(870, '68', '245', 'EL GUACAMAYO', NULL, NULL),
	(871, '68', '250', 'EL PEÑON', NULL, NULL),
	(872, '68', '255', 'EL PLAYON', NULL, NULL),
	(873, '68', '264', 'ENCINO', NULL, NULL),
	(874, '68', '266', 'ENCISO', NULL, NULL),
	(875, '68', '271', 'FLORIAN', NULL, NULL),
	(876, '68', '276', 'FLORIDABLANCA', NULL, NULL),
	(877, '68', '296', 'GALAN', NULL, NULL),
	(878, '68', '298', 'GAMBITA', NULL, NULL),
	(879, '68', '307', 'GIRON', NULL, NULL),
	(880, '68', '318', 'GUACA', NULL, NULL),
	(881, '68', '320', 'GUADALUPE', NULL, NULL),
	(882, '68', '322', 'GUAPOTA', NULL, NULL),
	(883, '68', '324', 'GUAVATA', NULL, NULL),
	(884, '68', '327', 'GsEPSA', NULL, NULL),
	(885, '68', '344', 'HATO', NULL, NULL),
	(886, '68', '368', 'JESUS MARIA', NULL, NULL),
	(887, '68', '370', 'JORDAN', NULL, NULL),
	(888, '68', '377', 'LA BELLEZA', NULL, NULL),
	(889, '68', '385', 'LANDAZURI', NULL, NULL),
	(890, '68', '397', 'LA PAZ', NULL, NULL),
	(891, '68', '406', 'LEBRIJA', NULL, NULL),
	(892, '68', '418', 'LOS SANTOS', NULL, NULL),
	(893, '68', '425', 'MACARAVITA', NULL, NULL),
	(894, '68', '432', 'MALAGA', NULL, NULL),
	(895, '68', '444', 'MATANZA', NULL, NULL),
	(896, '68', '464', 'MOGOTES', NULL, NULL),
	(897, '68', '468', 'MOLAGAVITA', NULL, NULL),
	(898, '68', '498', 'OCAMONTE', NULL, NULL),
	(899, '68', '500', 'OIBA', NULL, NULL),
	(900, '68', '502', 'ONZAGA', NULL, NULL),
	(901, '68', '522', 'PALMAR', NULL, NULL),
	(902, '68', '524', 'PALMAS DEL SOCORRO', NULL, NULL),
	(903, '68', '533', 'PARAMO', NULL, NULL),
	(904, '68', '547', 'PIEDECUESTA', NULL, NULL),
	(905, '68', '549', 'PINCHOTE', NULL, NULL),
	(906, '68', '572', 'PUENTE NACIONAL', NULL, NULL),
	(907, '68', '573', 'PUERTO PARRA', NULL, NULL),
	(908, '68', '575', 'PUERTO WILCHES', NULL, NULL),
	(909, '68', '615', 'RIONEGRO', NULL, NULL),
	(910, '68', '655', 'SABANA DE TORRES', NULL, NULL),
	(911, '68', '669', 'SAN ANDRES', NULL, NULL),
	(912, '68', '673', 'SAN BENITO', NULL, NULL),
	(913, '68', '679', 'SAN GIL', NULL, NULL),
	(914, '68', '682', 'SAN JOAQUIN', NULL, NULL),
	(915, '68', '684', 'SAN JOSE DE MIRANDA', NULL, NULL),
	(916, '68', '686', 'SAN MIGUEL', NULL, NULL),
	(917, '68', '689', 'SAN VICENTE DE CHUCURI', NULL, NULL),
	(918, '68', '705 ', 'SANTA BARBARA', NULL, NULL),
	(919, '68', '720', 'SANTA HELENA DEL OPON', NULL, NULL),
	(920, '68', '745', 'SIMACOTA', NULL, NULL),
	(921, '68', '755', 'SOCORRO', NULL, NULL),
	(922, '68', '770', 'SUAITA', NULL, NULL),
	(923, '68', '773', 'SUCRE', NULL, NULL),
	(924, '68', '780', 'SURATA', NULL, NULL),
	(925, '68', '820', 'TONA', NULL, NULL),
	(926, '68', '855', 'VALLE DE SAN JOSE', NULL, NULL),
	(927, '68', '861', 'VELEZ', NULL, NULL),
	(928, '68', '867', 'VETAS', NULL, NULL),
	(929, '68', '872', 'VILLANUEVA', NULL, NULL),
	(930, '68', '895', 'ZAPATOCA', NULL, NULL),
	(931, '70', '001', 'SINCELEJO', NULL, NULL),
	(932, '70', '110', 'BUENAVISTA', NULL, NULL),
	(933, '70', '124', 'CAIMITO', NULL, NULL),
	(934, '70', '204', 'COLOSO', NULL, NULL),
	(935, '70', '215', 'COROZAL', NULL, NULL),
	(936, '70', '221', 'COVEÑAS', NULL, NULL),
	(937, '70', '230', 'CHALAN', NULL, NULL),
	(938, '70', '233', 'EL ROBLE', NULL, NULL),
	(939, '70', '235', 'GALERAS', NULL, NULL),
	(940, '70', '265', 'GUARANDA', NULL, NULL),
	(941, '70', '400', 'LA UNION', NULL, NULL),
	(942, '70', '418', 'LOS PALMITOS', NULL, NULL),
	(943, '70', '429', 'MAJAGUAL', NULL, NULL),
	(944, '70', '473', 'MORROA', NULL, NULL),
	(945, '70', '508', 'OVEJAS', NULL, NULL),
	(946, '70', '523', 'PALMITO', NULL, NULL),
	(947, '70', '670', 'SAMPUES', NULL, NULL),
	(948, '70', '678', 'SAN BENITO ABAD', NULL, NULL),
	(949, '70', '702', 'SAN JUAN DE BETULIA', NULL, NULL),
	(950, '70', '708', 'SAN MARCOS', NULL, NULL),
	(951, '70', '713', 'SAN ONOFRE', NULL, NULL),
	(952, '70', '717', 'SAN PEDRO', NULL, NULL),
	(953, '70', '742', 'SAN LUIS DE SINCE', NULL, NULL),
	(954, '70', '771', 'SUCRE', NULL, NULL),
	(955, '70', '820', 'SANTIAGO DE TOLU', NULL, NULL),
	(956, '70', '823', 'TOLU VIEJO', NULL, NULL),
	(957, '73', '001', 'IBAGUE', NULL, NULL),
	(958, '73', '024', 'ALPUJARRA', NULL, NULL),
	(959, '73', '026', 'ALVARADO', NULL, NULL),
	(960, '73', '030', 'AMBALEMA', NULL, NULL),
	(961, '73', '043', 'ANZOATEGUI', NULL, NULL),
	(962, '73', '055', 'ARMERO', NULL, NULL),
	(963, '73', '067', 'ATACO', NULL, NULL),
	(964, '73', '124', 'CAJAMARCA', NULL, NULL),
	(965, '73', '148', 'CARMEN DE APICALA', NULL, NULL),
	(966, '73', '152', 'CASABIANCA', NULL, NULL),
	(967, '73', '168', 'CHAPARRAL', NULL, NULL),
	(968, '73', '200', 'COELLO', NULL, NULL),
	(969, '73', '217', 'COYAIMA', NULL, NULL),
	(970, '73', '226', 'CUNDAY', NULL, NULL),
	(971, '73', '236', 'DOLORES', NULL, NULL),
	(972, '73', '268', 'ESPINAL', NULL, NULL),
	(973, '73', '270', 'FALAN', NULL, NULL),
	(974, '73', '275', 'FLANDES', NULL, NULL),
	(975, '73', '283', 'FRESNO', NULL, NULL),
	(976, '73', '319', 'GUAMO', NULL, NULL),
	(977, '73', '347', 'HERVEO', NULL, NULL),
	(978, '73', '349', 'HONDA', NULL, NULL),
	(979, '73', '352', 'ICONONZO', NULL, NULL),
	(980, '73', '408', 'LERIDA', NULL, NULL),
	(981, '73', '411', 'LIBANO', NULL, NULL),
	(982, '73', '443', 'MARIQUITA', NULL, NULL),
	(983, '73', '449', 'MELGAR', NULL, NULL),
	(984, '73', '461', 'MURILLO', NULL, NULL),
	(985, '73', '483', 'NATAGAIMA', NULL, NULL),
	(986, '73', '504', 'ORTEGA', NULL, NULL),
	(987, '73', '520', 'PALOCABILDO', NULL, NULL),
	(988, '73', '547', 'PIEDRAS', NULL, NULL),
	(989, '73', '555', 'PLANADAS', NULL, NULL),
	(990, '73', '563', 'PRADO', NULL, NULL),
	(991, '73', '585', 'PURIFICACION', NULL, NULL),
	(992, '73', '616', 'RIOBLANCO', NULL, NULL),
	(993, '73', '622', 'RONCESVALLES', NULL, NULL),
	(994, '73', '624', 'ROVIRA', NULL, NULL),
	(995, '73', '671', 'SALDAÑA', NULL, NULL),
	(996, '73', '675', 'SAN ANTONIO', NULL, NULL),
	(997, '73', '678', 'SAN LUIS', NULL, NULL),
	(998, '73', '686', 'SANTA ISABEL', NULL, NULL),
	(999, '73', '770', 'SUAREZ', NULL, NULL),
	(1000, '73', '854', 'VALLE DE SAN JUAN', NULL, NULL),
	(1001, '73', '861', 'VENADILLO', NULL, NULL),
	(1002, '73', '870', 'VILLAHERMOSA', NULL, NULL),
	(1003, '73', '873', 'VILLARRICA', NULL, NULL),
	(1004, '76', '001', 'CALI', NULL, NULL),
	(1005, '76', '020', 'ALCALA', NULL, NULL),
	(1006, '76', '036', 'ANDALUCIA', NULL, NULL),
	(1007, '76', '041', 'ANSERMANUEVO', NULL, NULL),
	(1008, '76', '054', 'ARGELIA', NULL, NULL),
	(1009, '76', '100', 'BOLIVAR', NULL, NULL),
	(1010, '76', '109', 'BUENAVENTURA', NULL, NULL),
	(1011, '76', '111', 'GUADALAJARA DE BUGA', NULL, NULL),
	(1012, '76', '113', 'BUGALAGRANDE', NULL, NULL),
	(1013, '76', '122', 'CAICEDONIA', NULL, NULL),
	(1014, '76', '126', 'CALIMA', NULL, NULL),
	(1015, '76', '130', 'CANDELARIA', NULL, NULL),
	(1016, '76', '147', 'CARTAGO', NULL, NULL),
	(1017, '76', '233', 'DAGUA', NULL, NULL),
	(1018, '76', '243', 'EL AGUILA', NULL, NULL),
	(1019, '76', '246', 'EL CAIRO', NULL, NULL),
	(1020, '76', '248', 'EL CERRITO', NULL, NULL),
	(1021, '76', '250', 'EL DOVIO', NULL, NULL),
	(1022, '76', '275', 'FLORIDA', NULL, NULL),
	(1023, '76', '306', 'GINEBRA', NULL, NULL),
	(1024, '76', '318', 'GUACARI', NULL, NULL),
	(1025, '76', '364', 'JAMUNDI', NULL, NULL),
	(1026, '76', '377', 'LA CUMBRE', NULL, NULL),
	(1027, '76', '400', 'LA UNION', NULL, NULL),
	(1028, '76', '403', 'LA VICTORIA', NULL, NULL),
	(1029, '76', '497', 'OBANDO', NULL, NULL),
	(1030, '76', '520', 'PALMIRA', NULL, NULL),
	(1031, '76', '563', 'PRADERA', NULL, NULL),
	(1032, '76', '606', 'RESTREPO', NULL, NULL),
	(1033, '76', '616', 'RIOFRIO', NULL, NULL),
	(1034, '76', '622', 'ROLDANILLO', NULL, NULL),
	(1035, '76', '670', 'SAN PEDRO', NULL, NULL),
	(1036, '76', '736', 'SEVILLA', NULL, NULL),
	(1037, '76', '823', 'TORO', NULL, NULL),
	(1038, '76', '828', 'TRUJILLO', NULL, NULL),
	(1039, '76', '834', 'TULUA', NULL, NULL),
	(1040, '76', '845', 'ULLOA', NULL, NULL),
	(1041, '76', '863', 'VERSALLES', NULL, NULL),
	(1042, '76', '869', 'VIJES', NULL, NULL),
	(1043, '76', '890', 'YOTOCO', NULL, NULL),
	(1044, '76', '892', 'YUMBO', NULL, NULL),
	(1045, '76', '895', 'ZARZAL', NULL, NULL),
	(1046, '81', '001', 'ARAUCA', NULL, NULL),
	(1047, '81', '065', 'ARAUQUITA', NULL, NULL),
	(1048, '81', '220', 'CRAVO NORTE', NULL, NULL),
	(1049, '81', '300', 'FORTUL', NULL, NULL),
	(1050, '81', '591', 'PUERTO RONDON', NULL, NULL),
	(1051, '81', '736', 'SARAVENA', NULL, NULL),
	(1052, '81', '794', 'TAME', NULL, NULL),
	(1053, '85', '001', 'YOPAL', NULL, NULL),
	(1054, '85', '010', 'AGUAZUL', NULL, NULL),
	(1055, '85', '015', 'CHAMEZA', NULL, NULL),
	(1056, '85', '125', 'HATO COROZAL', NULL, NULL),
	(1057, '85', '136', 'LA SALINA', NULL, NULL),
	(1058, '85', '139', 'MANI', NULL, NULL),
	(1059, '85', '162', 'MONTERREY', NULL, NULL),
	(1060, '85', '225', 'NUNCHIA', NULL, NULL),
	(1061, '85', '230', 'OROCUE', NULL, NULL),
	(1062, '85', '250', 'PAZ DE ARIPORO', NULL, NULL),
	(1063, '85', '263', 'PORE', NULL, NULL),
	(1064, '85', '279', 'RECETOR', NULL, NULL),
	(1065, '85', '300', 'SABANALARGA', NULL, NULL),
	(1066, '85', '315', 'SACAMA', NULL, NULL),
	(1067, '85', '325', 'SAN LUIS DE PALENQUE', NULL, NULL),
	(1068, '85', '400', 'TAMARA', NULL, NULL),
	(1069, '85', '410', 'TAURAMENA', NULL, NULL),
	(1070, '85', '430', 'TRINIDAD', NULL, NULL),
	(1071, '85', '440', 'VILLANUEVA', NULL, NULL),
	(1072, '86', '001', 'MOCOA', NULL, NULL),
	(1073, '86', '219', 'COLON', NULL, NULL),
	(1074, '86', '320', 'ORITO', NULL, NULL),
	(1075, '86', '568', 'PUERTO ASIS', NULL, NULL),
	(1076, '86', '569', 'PUERTO CAICEDO', NULL, NULL),
	(1077, '86', '571', 'PUERTO GUZMAN', NULL, NULL),
	(1078, '86', '573', 'LEGUIZAMO', NULL, NULL),
	(1079, '86', '749', 'SIBUNDOY', NULL, NULL),
	(1080, '86', '755', 'SAN FRANCISCO', NULL, NULL),
	(1081, '86', '757', 'SAN MIGUEL', NULL, NULL),
	(1082, '86', '760', 'SANTIAGO', NULL, NULL),
	(1083, '86', '865', 'VALLE DEL GUAMUEZ', NULL, NULL),
	(1084, '86', '885', 'VILLAGARZON', NULL, NULL),
	(1085, '88', '001', 'SAN ANDRES', NULL, NULL),
	(1086, '88', '564', 'PROVIDENCIA', NULL, NULL),
	(1087, '91', '001', 'LETICIA', NULL, NULL),
	(1088, '91', '263', 'EL ENCANTO', NULL, NULL),
	(1089, '91', '405 ', 'LA CHORRERA', NULL, NULL),
	(1090, '91', '407', 'LA PEDRERA', NULL, NULL),
	(1091, '91', '430', 'LA VICTORIA', NULL, NULL),
	(1092, '91', '460', 'MIRITI - PARANA', NULL, NULL),
	(1093, '91', '530', 'PUERTO ALEGRIA', NULL, NULL),
	(1094, '91', '536', 'PUERTO ARICA', NULL, NULL),
	(1095, '91', '540', 'PUERTO NARIÑO', NULL, NULL),
	(1096, '91', '669', 'PUERTO SANTANDER', NULL, NULL),
	(1097, '91', '798', 'TARAPACA', NULL, NULL),
	(1098, '94', '001', 'INIRIDA', NULL, NULL),
	(1099, '94', '343', 'BARRANCO MINAS', NULL, NULL),
	(1100, '94', '663', 'MAPIRIPANA', NULL, NULL),
	(1101, '94', '883', 'SAN FELIPE', NULL, NULL),
	(1102, '94', '884', 'PUERTO COLOMBIA', NULL, NULL),
	(1103, '94', '885', 'LA GUADALUPE', NULL, NULL),
	(1104, '94', '886', 'CACAHUAL', NULL, NULL),
	(1105, '94', '887', 'PANA PANA', NULL, NULL),
	(1106, '94', '888', 'MORICHAL', NULL, NULL),
	(1107, '95', '001', 'SAN JOSE DEL GUAVIARE', NULL, NULL),
	(1108, '95', '015', 'CALAMAR', NULL, NULL),
	(1109, '95', '025', 'EL RETORNO', NULL, NULL),
	(1110, '95', '200', 'MIRAFLORES', NULL, NULL),
	(1111, '97', '001', 'MITU', NULL, NULL),
	(1112, '97', '161', 'CARURU', NULL, NULL),
	(1113, '97', '511', 'PACOA', NULL, NULL),
	(1114, '97', '666', 'TARAIRA', NULL, NULL),
	(1115, '97', '777', 'PAPUNAUA', NULL, NULL),
	(1116, '97', '889', 'YAVARATE', NULL, NULL),
	(1117, '99', '001', 'PUERTO CARREÑO', NULL, NULL),
	(1118, '99', '524', 'LA PRIMAVERA', NULL, NULL),
	(1119, '99', '624', 'SANTA ROSALIA', NULL, NULL),
	(1120, '99', '773', 'CUMARIBO', NULL, NULL),
	(1121, '23', '182', 'Chinú', NULL, NULL),
	(1122, '23', '660', 'Sahagún', NULL, NULL),
	(1123, '23', '670', 'San Andrés Sotavento', NULL, NULL),
	(1124, '23', '068', 'Ayapel', NULL, NULL),
	(1125, '23', '079', 'Buenavista', NULL, NULL),
	(1126, '23', '350', 'La Apartada', NULL, NULL),
	(1127, '23', '466', 'Montelíbano', NULL, NULL),
	(1128, '23', '555', 'Planeta Rica', NULL, NULL),
	(1129, '23', '570', 'Pueblo Nuevo', NULL, NULL),
	(1130, '23', '162', 'Puerto Libertador', NULL, NULL),
	(1131, '23', '162', 'Cereté', NULL, NULL),
	(1132, '23', '189', 'Ciénaga De Oro', NULL, NULL),
	(1133, '23', '678', 'San Carlos', NULL, NULL),
	(1134, '23', '686', 'San Pelayo', NULL, NULL);
/*!40000 ALTER TABLE `cities` ENABLE KEYS */;

-- Dumping structure for table eliana.clinic_history
CREATE TABLE IF NOT EXISTS `clinic_history` (
  `id` int(11) NOT NULL AUTO_INCREMENT,
  `customer_id` int(11) DEFAULT NULL,
  `created_at` datetime DEFAULT NULL,
  `updated_at` datetime DEFAULT NULL,
  PRIMARY KEY (`id`),
  KEY `FK__customers` (`customer_id`)
) ENGINE=MyISAM AUTO_INCREMENT=3 DEFAULT CHARSET=latin1;

-- Dumping data for table eliana.clinic_history: 2 rows
/*!40000 ALTER TABLE `clinic_history` DISABLE KEYS */;
INSERT INTO `clinic_history` (`id`, `customer_id`, `created_at`, `updated_at`) VALUES
	(1, 1, '2022-06-19 11:35:54', '2022-06-19 11:35:54'),
	(2, 2, '2022-07-12 12:54:57', '2022-07-12 12:54:57');
/*!40000 ALTER TABLE `clinic_history` ENABLE KEYS */;

-- Dumping structure for table eliana.customers
CREATE TABLE IF NOT EXISTS `customers` (
  `id` int(10) unsigned NOT NULL AUTO_INCREMENT,
  `email` varchar(125) COLLATE utf8mb4_unicode_ci DEFAULT NULL,
  `phone` varchar(125) COLLATE utf8mb4_unicode_ci DEFAULT NULL,
  `type` varchar(125) COLLATE utf8mb4_unicode_ci DEFAULT NULL,
  `identification` int(11) DEFAULT NULL,
  `identification_type` varchar(125) COLLATE utf8mb4_unicode_ci DEFAULT NULL,
  `regimen` varchar(125) COLLATE utf8mb4_unicode_ci DEFAULT NULL,
  `address_line` varchar(125) COLLATE utf8mb4_unicode_ci DEFAULT NULL,
  `first_name` varchar(125) COLLATE utf8mb4_unicode_ci DEFAULT NULL,
  `last_name` varchar(125) COLLATE utf8mb4_unicode_ci DEFAULT NULL,
  `company_name` varchar(125) COLLATE utf8mb4_unicode_ci DEFAULT NULL,
  `departament_id` int(11) DEFAULT NULL,
  `city_id` int(11) DEFAULT NULL,
  `user_id` int(11) DEFAULT NULL,
  `created_at` timestamp NULL DEFAULT NULL,
  `updated_at` timestamp NULL DEFAULT NULL,
  PRIMARY KEY (`id`),
  KEY `FK_customers_users` (`user_id`)
) ENGINE=MyISAM AUTO_INCREMENT=3 DEFAULT CHARSET=utf8mb4 COLLATE=utf8mb4_unicode_ci;

-- Dumping data for table eliana.customers: 2 rows
/*!40000 ALTER TABLE `customers` DISABLE KEYS */;
INSERT INTO `customers` (`id`, `email`, `phone`, `type`, `identification`, `identification_type`, `regimen`, `address_line`, `first_name`, `last_name`, `company_name`, `departament_id`, `city_id`, `user_id`, `created_at`, `updated_at`) VALUES
	(1, 'yeferson1115@gmail.com', '3197667268', 'PERSONA_JURIDICA', 1035424875, 'CC', 'ORDINARIO', 'Cr 47 # 51 57', 'Yeferson Stiven', 'Sossa Monsalve', NULL, 2, 2, NULL, '2022-01-04 19:46:37', '2022-06-15 10:56:08'),
	(2, 'yefrey@hotmail.com', '3197667268', 'PERSONA_NATURAL', 1128483151, 'CC', NULL, 'Cr 47', 'Carol', 'Pineda', NULL, 2, 1, 7, '2022-07-12 09:26:29', '2022-07-12 09:26:29');
/*!40000 ALTER TABLE `customers` ENABLE KEYS */;

-- Dumping structure for table eliana.departaments
CREATE TABLE IF NOT EXISTS `departaments` (
  `id` int(10) unsigned NOT NULL AUTO_INCREMENT,
  `code` varchar(125) COLLATE utf8mb4_unicode_ci NOT NULL,
  `name` varchar(125) COLLATE utf8mb4_unicode_ci NOT NULL,
  `created_at` timestamp NULL DEFAULT NULL,
  `updated_at` timestamp NULL DEFAULT NULL,
  PRIMARY KEY (`id`) USING BTREE
) ENGINE=MyISAM AUTO_INCREMENT=33 DEFAULT CHARSET=utf8mb4 COLLATE=utf8mb4_unicode_ci;

-- Dumping data for table eliana.departaments: 32 rows
/*!40000 ALTER TABLE `departaments` DISABLE KEYS */;
INSERT INTO `departaments` (`id`, `code`, `name`, `created_at`, `updated_at`) VALUES
	(1, '91', 'Amazonas', NULL, NULL),
	(2, '05', 'Antioquia', NULL, NULL),
	(3, '81', 'Arauca', NULL, NULL),
	(4, '08', 'Atlántico', NULL, NULL),
	(5, '11', 'Bogotá D.C', NULL, NULL),
	(6, '13', 'Bolívar', NULL, NULL),
	(7, '15', 'Boyacá', NULL, NULL),
	(8, '17', 'Caldas', NULL, NULL),
	(9, '18', 'Caquetá ', NULL, NULL),
	(10, '85', 'Casanare', NULL, NULL),
	(12, '20', 'Cesar', NULL, NULL),
	(13, '27', 'Chocó', NULL, NULL),
	(14, '23', 'Córdoba', NULL, NULL),
	(15, '25', 'Cundinamarca', NULL, NULL),
	(16, '94', 'Guainía', NULL, NULL),
	(17, '95', 'Guaviare', NULL, NULL),
	(18, '41', 'Huila', NULL, NULL),
	(19, '44', 'La Guajira', NULL, NULL),
	(20, '47', 'Magdalena', NULL, NULL),
	(21, '50', 'Meta', NULL, NULL),
	(22, '54', 'Norte de Santander', NULL, NULL),
	(23, '86', 'Putumayo', NULL, NULL),
	(24, '63', 'Quindío', NULL, NULL),
	(25, '66', 'Risaralda', NULL, NULL),
	(26, '88', 'San Andrés', NULL, NULL),
	(27, '68', 'Santander', NULL, NULL),
	(28, '70', 'Sucre', NULL, NULL),
	(29, '73', 'Tolima', NULL, NULL),
	(30, '76', 'Valle del Cauca', NULL, NULL),
	(31, '97', 'Vaupés', NULL, NULL),
	(32, '99', 'Vichada', NULL, NULL),
	(11, '19', 'Cauca', NULL, NULL);
/*!40000 ALTER TABLE `departaments` ENABLE KEYS */;

-- Dumping structure for table eliana.dientes
CREATE TABLE IF NOT EXISTS `dientes` (
  `id` int(4) NOT NULL,
  `tipo_die` varchar(50) COLLATE utf8_spanish_ci DEFAULT NULL,
  `orden_die` int(2) DEFAULT NULL,
  PRIMARY KEY (`id`) USING BTREE,
  UNIQUE KEY `numero_die` (`id`) USING BTREE,
  UNIQUE KEY `orden_die` (`orden_die`)
) ENGINE=InnoDB DEFAULT CHARSET=utf8 COLLATE=utf8_spanish_ci;

-- Dumping data for table eliana.dientes: ~52 rows (approximately)
/*!40000 ALTER TABLE `dientes` DISABLE KEYS */;
INSERT INTO `dientes` (`id`, `tipo_die`, `orden_die`) VALUES
	(11, 'Inciso', 8),
	(12, 'Inciso', 7),
	(13, 'Inciso', 6),
	(14, 'Premolar', 5),
	(15, 'Premolar', 4),
	(16, 'Molar', 3),
	(17, 'Molar', 2),
	(18, 'Molar', 1),
	(21, 'Inciso', 9),
	(22, 'Inciso', 10),
	(23, 'Inciso', 11),
	(24, 'Premolar', 12),
	(25, 'Premolar', 13),
	(26, 'Molar', 14),
	(27, 'Molar', 15),
	(28, 'Molar', 16),
	(31, 'Inciso', 45),
	(32, 'Inciso', 46),
	(33, 'Inciso', 47),
	(34, 'Premolar', 48),
	(35, 'Premolar', 49),
	(36, 'Molar', 50),
	(37, 'Molar', 51),
	(38, 'Molar', 52),
	(41, 'Inciso', 44),
	(42, 'Inciso', 43),
	(43, 'Inciso', 42),
	(44, 'Premolar', 41),
	(45, 'Premolar', 40),
	(46, 'Molar', 39),
	(47, 'Molar', 38),
	(48, 'Molar', 37),
	(51, 'Inciso', 21),
	(52, 'Inciso', 20),
	(53, 'Inciso', 19),
	(54, 'Molar', 18),
	(55, 'Molar', 17),
	(61, 'Inciso', 22),
	(62, 'Inciso', 23),
	(63, 'Inciso', 24),
	(64, 'Molar', 25),
	(65, 'Molar', 26),
	(71, 'Inciso', 32),
	(72, 'Inciso', 33),
	(73, 'Inciso', 34),
	(74, 'Molar', 35),
	(75, 'Molar', 36),
	(81, 'Inciso', 31),
	(82, 'Inciso', 30),
	(83, 'Inciso', 29),
	(84, 'Molar', 28),
	(85, 'Molar', 27);
/*!40000 ALTER TABLE `dientes` ENABLE KEYS */;

-- Dumping structure for table eliana.failed_jobs
CREATE TABLE IF NOT EXISTS `failed_jobs` (
  `id` bigint(20) unsigned NOT NULL AUTO_INCREMENT,
  `connection` text COLLATE utf8mb4_unicode_ci NOT NULL,
  `queue` text COLLATE utf8mb4_unicode_ci NOT NULL,
  `payload` longtext COLLATE utf8mb4_unicode_ci NOT NULL,
  `exception` longtext COLLATE utf8mb4_unicode_ci NOT NULL,
  `failed_at` timestamp NOT NULL DEFAULT CURRENT_TIMESTAMP,
  PRIMARY KEY (`id`)
) ENGINE=MyISAM DEFAULT CHARSET=utf8mb4 COLLATE=utf8mb4_unicode_ci;

-- Dumping data for table eliana.failed_jobs: 0 rows
/*!40000 ALTER TABLE `failed_jobs` DISABLE KEYS */;
/*!40000 ALTER TABLE `failed_jobs` ENABLE KEYS */;

-- Dumping structure for table eliana.hallazgos
CREATE TABLE IF NOT EXISTS `hallazgos` (
  `id` int(11) NOT NULL AUTO_INCREMENT,
  `nombre_hal` varchar(100) COLLATE utf8_spanish_ci DEFAULT NULL,
  `siglas_hal` varchar(50) COLLATE utf8_spanish_ci DEFAULT NULL,
  PRIMARY KEY (`id`) USING BTREE
) ENGINE=InnoDB AUTO_INCREMENT=38 DEFAULT CHARSET=utf8 COLLATE=utf8_spanish_ci;

-- Dumping data for table eliana.hallazgos: ~37 rows (approximately)
/*!40000 ALTER TABLE `hallazgos` DISABLE KEYS */;
INSERT INTO `hallazgos` (`id`, `nombre_hal`, `siglas_hal`) VALUES
	(1, 'Aparato Ortótico Fijo', NULL),
	(2, 'Aparato Ortótico Removible', NULL),
	(3, 'Corona', 'CM,CF,CMC,CV,CJ'),
	(4, 'Lesión de Caries Dental', 'MB,CE,CD,CDP'),
	(5, 'Defectos de Desarrollo de Esmalte', 'HP,HM,O,D,Fluorosis'),
	(6, 'Sellantes', 'S'),
	(7, 'Fractura', NULL),
	(8, 'Fosas y Fisuras Profundas', 'FFP'),
	(9, 'Pieza Dentaria Ausente', NULL),
	(10, 'Pieza Dentaria en Erupción', NULL),
	(11, 'Restauración Definitiva', 'AM,R,IV,IM,IE,C'),
	(12, 'Restauración Temporal', NULL),
	(13, 'Edéntulo Total', NULL),
	(14, 'Pieza Dentaria Supernumeraria', NULL),
	(15, 'Pieza Dentaria Extruida', NULL),
	(16, 'Pieza Dentaria Intruida', NULL),
	(17, 'Diastema', NULL),
	(18, 'Giroversión', NULL),
	(19, 'Posición Dentaria', 'M,D,V,P,L'),
	(20, 'Pieza Dentaria en Clavija', NULL),
	(21, 'Pieza Dentaria Ectópica', 'E'),
	(22, 'Macrodoncia', 'MAC'),
	(23, 'Microdoncia', 'MIC'),
	(24, 'Fusión', NULL),
	(25, 'Geminación', NULL),
	(26, 'Impactación', 'I'),
	(27, 'Superficie Desgastada', 'DES'),
	(28, 'Remanente Radicular', 'RR'),
	(29, 'Movilidad Patológica', 'M'),
	(30, 'Espigo Muñon', NULL),
	(31, 'Implante Dental', 'IMP'),
	(32, 'Prótesis Fija', NULL),
	(33, 'Protesis Removible', NULL),
	(34, 'Prótesis Total', NULL),
	(35, 'Tratamiento Pulpar', 'TC,PC,PP'),
	(36, 'Transposición', NULL),
	(37, 'Corona Temporal', 'CT');
/*!40000 ALTER TABLE `hallazgos` ENABLE KEYS */;

-- Dumping structure for table eliana.histories
CREATE TABLE IF NOT EXISTS `histories` (
  `id` int(11) NOT NULL AUTO_INCREMENT,
  `patient_id` int(11) DEFAULT NULL,
  `odontogram_id` int(11) DEFAULT NULL,
  `observations` text,
  `specialist_id` int(11) DEFAULT NULL,
  `created_at` datetime DEFAULT NULL,
  `updated_at` datetime DEFAULT NULL,
  PRIMARY KEY (`id`)
) ENGINE=MyISAM AUTO_INCREMENT=2 DEFAULT CHARSET=latin1;

-- Dumping data for table eliana.histories: 1 rows
/*!40000 ALTER TABLE `histories` DISABLE KEYS */;
INSERT INTO `histories` (`id`, `patient_id`, `odontogram_id`, `observations`, `specialist_id`, `created_at`, `updated_at`) VALUES
	(1, 1, 2, 'asdasdasd', 1, '2022-06-03 11:33:51', '2022-06-03 11:33:51');
/*!40000 ALTER TABLE `histories` ENABLE KEYS */;

-- Dumping structure for table eliana.invoices
CREATE TABLE IF NOT EXISTS `invoices` (
  `id` int(10) unsigned NOT NULL AUTO_INCREMENT,
  `issue_date` date DEFAULT NULL,
  `payment_date` datetime DEFAULT NULL,
  `order_reference` varchar(125) COLLATE utf8mb4_unicode_ci DEFAULT NULL,
  `invoice_type_code` varchar(125) COLLATE utf8mb4_unicode_ci DEFAULT NULL,
  `payment_means` varchar(125) COLLATE utf8mb4_unicode_ci DEFAULT NULL,
  `payment_means_type` varchar(125) COLLATE utf8mb4_unicode_ci DEFAULT NULL,
  `customer_id` int(11) DEFAULT NULL,
  `subtotal` float DEFAULT NULL,
  `discount` float DEFAULT NULL,
  `ret_fuente` float DEFAULT NULL,
  `taxe` float DEFAULT NULL,
  `total` float DEFAULT NULL,
  `pdf_url` longtext COLLATE utf8mb4_unicode_ci,
  `number_invoice` varchar(200) COLLATE utf8mb4_unicode_ci DEFAULT NULL,
  `dian_status` varchar(200) COLLATE utf8mb4_unicode_ci DEFAULT NULL,
  `email_status` varchar(200) COLLATE utf8mb4_unicode_ci DEFAULT NULL,
  `uuid` longtext COLLATE utf8mb4_unicode_ci,
  `campuse_id` int(11) DEFAULT NULL,
  `state` int(11) DEFAULT '1',
  `created_at` timestamp NULL DEFAULT NULL,
  `updated_at` timestamp NULL DEFAULT NULL,
  PRIMARY KEY (`id`),
  KEY `FK_invoices_customers` (`customer_id`)
) ENGINE=MyISAM AUTO_INCREMENT=50 DEFAULT CHARSET=utf8mb4 COLLATE=utf8mb4_unicode_ci;

-- Dumping data for table eliana.invoices: 23 rows
/*!40000 ALTER TABLE `invoices` DISABLE KEYS */;
INSERT INTO `invoices` (`id`, `issue_date`, `payment_date`, `order_reference`, `invoice_type_code`, `payment_means`, `payment_means_type`, `customer_id`, `subtotal`, `discount`, `ret_fuente`, `taxe`, `total`, `pdf_url`, `number_invoice`, `dian_status`, `email_status`, `uuid`, `campuse_id`, `state`, `created_at`, `updated_at`) VALUES
	(29, '2022-01-08', '2022-01-08 18:47:24', 'C-1-I-29', 'FACTURA_VENTA', 'DEBIT_CARD', 'DEBITO', 1, 80000, 8000, NULL, NULL, 68400, 'https://main-api.dataico.com/direct/serve-file?document-id=017e3be0-0640-8870-a530-153054dae5e7&pdf-type=invoice&document-type=invoice', NULL, NULL, NULL, NULL, 1, 1, '2022-01-08 18:47:24', '2022-01-08 18:47:31'),
	(23, '2022-01-08', '2022-01-08 17:52:26', 'zAkm8OM-23', 'FACTURA_VENTA', 'DEBIT_CARD', 'DEBITO', 1, 80000, 0, NULL, NULL, 80000, NULL, NULL, NULL, NULL, NULL, 1, 1, '2022-01-08 17:52:26', '2022-01-08 17:52:26'),
	(24, '2022-01-08', '2022-01-08 17:53:36', 'Ng95RT1-24', 'FACTURA_VENTA', 'DEBIT_CARD', 'DEBITO', 1, 80000, 0, NULL, NULL, 80000, NULL, NULL, NULL, NULL, NULL, 1, 1, '2022-01-08 17:53:36', '2022-01-08 17:53:36'),
	(25, '2022-01-08', '2022-01-08 17:53:54', 'USaqjvV-25', 'FACTURA_VENTA', 'DEBIT_CARD', 'DEBITO', 1, 80000, 0, NULL, NULL, 80000, NULL, NULL, NULL, NULL, NULL, 1, 1, '2022-01-08 17:53:54', '2022-01-08 17:53:54'),
	(26, '2022-01-08', '2022-01-08 17:54:26', '245Grji-26', 'FACTURA_VENTA', 'DEBIT_CARD', 'DEBITO', 1, 80000, 0, NULL, NULL, 80000, NULL, NULL, NULL, NULL, NULL, 1, 1, '2022-01-08 17:54:26', '2022-01-08 17:54:26'),
	(27, '2022-01-08', '2022-01-08 18:00:10', 'divT53x-27', 'FACTURA_VENTA', 'DEBIT_CARD', 'DEBITO', 1, 80000, 0, NULL, NULL, 80000, 'https://main-api.dataico.com/direct/serve-file?document-id=017e3bb4-d002-8767-9924-15db8db96a33&pdf-type=invoice&document-type=invoice', NULL, NULL, NULL, NULL, 1, 1, '2022-01-08 18:00:10', '2022-01-08 18:00:19'),
	(28, '2022-01-08', '2022-01-08 18:02:51', 'C-1-I-28', 'FACTURA_VENTA', 'DEBIT_CARD', 'DEBITO', 1, 80000, 0, NULL, NULL, 80000, 'https://main-api.dataico.com/direct/serve-file?document-id=017e3bb7-3ee4-8a4f-b4a2-3883951b205f&pdf-type=invoice&document-type=invoice', NULL, NULL, NULL, NULL, 1, 1, '2022-01-08 18:02:51', '2022-01-08 18:02:58'),
	(30, '2022-01-08', '2022-01-08 18:54:54', 'C-1-I-30', 'FACTURA_VENTA', 'DEBIT_CARD', 'CREDITO', 1, 180000, 18000, 17820, 25920, 170100, NULL, NULL, NULL, NULL, NULL, 1, 1, '2022-01-08 18:54:54', '2022-01-08 18:54:54'),
	(31, '2022-01-08', '2022-01-08 18:57:01', 'C-1-I-31', 'FACTURA_VENTA', 'DEBIT_CARD', 'DEBITO', 1, 80000, 8000, 7200, 13680, 78480, 'https://main-api.dataico.com/direct/serve-file?document-id=017e3be8-d4b0-8778-b575-d1c86fefd482&pdf-type=invoice&document-type=invoice', NULL, NULL, NULL, NULL, 1, 1, '2022-01-08 18:57:01', '2022-01-08 18:57:09'),
	(32, '2022-01-08', '2022-01-08 18:58:18', 'C-1-I-32', 'FACTURA_VENTA', 'DEBIT_CARD', 'DEBITO', 1, 80000, 8000, 0, 0, 72000, 'https://main-api.dataico.com/direct/serve-file?document-id=017e3be9-ff9b-8b38-8371-172d57bba589&pdf-type=invoice&document-type=invoice', NULL, NULL, NULL, NULL, 1, 1, '2022-01-08 18:58:18', '2022-01-08 18:58:24'),
	(33, '2022-02-03', '2022-02-03 19:16:59', 'C-1-I-33', 'FACTURA_VENTA', 'DEBIT_CARD', 'DEBITO', 1, 80000, 8000, 0, 0, 72000, NULL, NULL, NULL, NULL, NULL, 1, 1, '2022-02-03 19:16:59', '2022-02-03 19:16:59'),
	(34, '2022-02-03', '2022-02-03 19:18:34', 'C-1-I-34', 'FACTURA_VENTA', 'DEBIT_CARD', 'DEBITO', 1, 80000, 8000, 0, 0, 72000, NULL, NULL, NULL, NULL, NULL, 1, 1, '2022-02-03 19:18:34', '2022-02-03 19:18:34'),
	(35, '2022-02-03', '2022-02-03 19:19:13', 'C-1-I-35', 'FACTURA_VENTA', 'DEBIT_CARD', 'DEBITO', 1, 80000, 8000, 0, 0, 72000, NULL, NULL, NULL, NULL, NULL, 1, 1, '2022-02-03 19:19:13', '2022-02-03 19:19:13'),
	(36, '2022-02-03', '2022-02-03 19:19:55', 'C-1-I-36', 'FACTURA_VENTA', 'DEBIT_CARD', 'DEBITO', 1, 80000, 8000, 0, 0, 72000, NULL, NULL, NULL, NULL, NULL, 1, 1, '2022-02-03 19:19:55', '2022-02-03 19:19:55'),
	(37, '2022-02-03', '2022-02-03 19:21:15', 'C-1-I-37', 'FACTURA_VENTA', 'DEBIT_CARD', 'DEBITO', 1, 80000, 8000, 0, 0, 72000, NULL, NULL, NULL, NULL, NULL, 1, 1, '2022-02-03 19:21:15', '2022-02-03 19:21:15'),
	(38, '2022-02-03', '2022-02-03 19:21:38', 'C-1-I-38', 'FACTURA_VENTA', 'DEBIT_CARD', 'DEBITO', 1, 80000, 8000, 0, 0, 72000, NULL, NULL, NULL, NULL, NULL, 1, 1, '2022-02-03 19:21:38', '2022-02-03 19:21:38'),
	(39, '2022-02-03', '2022-02-03 19:22:31', 'C-1-I-39', 'FACTURA_VENTA', 'DEBIT_CARD', 'DEBITO', 1, 80000, 8000, 0, 0, 72000, 'https://main-api.dataico.com/direct/serve-file?document-id=017ec1e5-8a30-8d72-b2ba-95cf8d953dca&pdf-type=invoice&document-type=invoice', NULL, NULL, NULL, NULL, 1, 1, '2022-02-03 19:22:31', '2022-02-03 19:22:38'),
	(43, '2022-02-15', '2022-02-15 18:10:10', 'C-1-I-43', 'FACTURA_VENTA', 'DEBIT_CARD', 'DEBITO', 1, 80000, 0, 0, 0, 80000, NULL, NULL, NULL, NULL, NULL, 1, 1, '2022-02-15 18:10:10', '2022-02-15 18:10:10'),
	(44, '2022-02-15', '2022-02-15 18:15:45', 'C-1-I-44', 'FACTURA_VENTA', 'DEBIT_CARD', 'DEBITO', 1, 80000, 0, 0, 0, 80000, 'https://main-api.dataico.com/direct/serve-file?document-id=017eff74-ae90-8a20-aba8-58a9b81b7ca5&pdf-type=invoice&document-type=invoice', 'YR994927812', 'DIAN_NO_ENVIADO', 'CORREO_NO_ENVIADO', '017eff74-ae90-8a20-aba8-58a9b81b7ca5', 1, 1, '2022-02-15 18:15:45', '2022-02-15 18:15:52'),
	(46, '2022-02-23', '2022-02-23 10:22:28', 'C-1-I-46', 'FACTURA_VENTA', 'DEBIT_CARD', 'DEBITO', 1, 260000, 18000, 3240, 30780, 269540, 'https://interactive.dataico.com/direct/serve-file?document-id=017f26f6-5874-8146-a05f-e04e9d67b4fa&pdf-type=invoice&document-type=invoice', 'YR994927968', 'DIAN_NO_ENVIADO', 'CORREO_NO_ENVIADO', '017f26f6-5874-8146-a05f-e04e9d67b4fa', 1, 1, '2022-02-23 10:22:28', '2022-02-23 10:22:36'),
	(47, '2022-02-23', '2022-02-23 10:49:01', 'C-1-I-47', 'FACTURA_VENTA', 'DEBIT_CARD', 'DEBITO', 1, 180000, 18000, 3240, 25920, 184680, 'https://interactive.dataico.com/direct/serve-file?document-id=017f270e-a414-803f-a6bf-da50a16dfe8a&pdf-type=invoice&document-type=invoice', 'YR994927969', 'DIAN_NO_ENVIADO', 'CORREO_NO_ENVIADO', '017f270e-a414-803f-a6bf-da50a16dfe8a', 1, 1, '2022-02-23 10:49:01', '2022-02-23 10:49:11'),
	(48, '2022-02-23', '2022-02-23 10:55:47', 'C-1-I-48', 'FACTURA_VENTA', 'DEBIT_CARD', 'DEBITO', 1, 260000, 9600, 4928, 13376, 258848, 'https://interactive.dataico.com/direct/serve-file?document-id=017f2714-d4d6-811a-811d-9468f0fc63f8&pdf-type=invoice&document-type=invoice', 'YR994927970', 'DIAN_NO_ENVIADO', 'CORREO_NO_ENVIADO', '017f2714-d4d6-811a-811d-9468f0fc63f8', 1, 0, '2022-02-23 10:55:47', '2022-02-23 10:58:54'),
	(49, '2022-02-23', '2022-02-23 11:05:48', 'C-1-I-49', 'FACTURA_VENTA', 'DEBIT_CARD', 'DEBITO', 1, 80000, 0, 0, 0, 80000, 'https://interactive.dataico.com/direct/serve-file?document-id=017f271e-111d-89fb-8bbb-1b0e7411583b&pdf-type=invoice&document-type=invoice', 'YR994927971', 'DIAN_NO_ENVIADO', 'CORREO_NO_ENVIADO', '017f271e-111d-89fb-8bbb-1b0e7411583b', 1, 0, '2022-02-23 11:05:48', '2022-02-23 11:07:11');
/*!40000 ALTER TABLE `invoices` ENABLE KEYS */;

-- Dumping structure for table eliana.invoice_items
CREATE TABLE IF NOT EXISTS `invoice_items` (
  `id` int(10) unsigned NOT NULL AUTO_INCREMENT,
  `sku` varchar(125) COLLATE utf8mb4_unicode_ci DEFAULT NULL,
  `quantity` int(11) DEFAULT NULL,
  `description` longtext COLLATE utf8mb4_unicode_ci,
  `price` double(8,2) DEFAULT NULL,
  `discount_rate` double(8,2) DEFAULT NULL,
  `tax_rate` float DEFAULT NULL,
  `type_tax` varchar(50) COLLATE utf8mb4_unicode_ci DEFAULT NULL,
  `ret_fuente` float DEFAULT NULL,
  `invoice_id` int(10) unsigned DEFAULT NULL,
  `service_id` int(10) unsigned DEFAULT NULL,
  `created_at` timestamp NULL DEFAULT NULL,
  `updated_at` timestamp NULL DEFAULT NULL,
  PRIMARY KEY (`id`),
  KEY `invoice_items_invoice_id_foreign` (`invoice_id`),
  KEY `invoice_items_service_id_foreign` (`service_id`)
) ENGINE=MyISAM AUTO_INCREMENT=50 DEFAULT CHARSET=utf8mb4 COLLATE=utf8mb4_unicode_ci;

-- Dumping data for table eliana.invoice_items: 44 rows
/*!40000 ALTER TABLE `invoice_items` DISABLE KEYS */;
INSERT INTO `invoice_items` (`id`, `sku`, `quantity`, `description`, `price`, `discount_rate`, `tax_rate`, `type_tax`, `ret_fuente`, `invoice_id`, `service_id`, `created_at`, `updated_at`) VALUES
	(1, 'Eli-812', 1, NULL, 80000.00, 10.00, NULL, NULL, NULL, 1, 1, '2021-11-12 09:59:53', '2021-11-12 09:59:53'),
	(2, 'Eli-6393', 1, NULL, 75000.00, 0.00, NULL, NULL, NULL, 1, 4, '2021-11-12 09:59:53', '2021-11-12 09:59:53'),
	(3, 'Eli-812', 1, 'fgdfgdfgdfg', 80000.00, 10.00, 5, 'IVA', 2, 5, 1, '2022-01-08 17:02:10', '2022-01-08 17:02:10'),
	(4, 'Eli-812', 1, 'fgdfgdfgdfg', 80000.00, 10.00, 5, 'IVA', 2, 6, 1, '2022-01-08 17:03:36', '2022-01-08 17:03:36'),
	(5, 'Eli-812', 1, 'fgdfgdfgdfg', 80000.00, 10.00, 5, 'IVA', 2, 7, 1, '2022-01-08 17:04:56', '2022-01-08 17:04:56'),
	(6, 'Eli-812', 1, 'fgdfgdfgdfg', 80000.00, 10.00, 5, 'IVA', 2, 8, 1, '2022-01-08 17:06:38', '2022-01-08 17:06:38'),
	(7, 'Eli-812', 1, 'fgdfgdfgdfg', 80000.00, 10.00, 5, 'IVA', 2, 9, 1, '2022-01-08 17:07:51', '2022-01-08 17:07:51'),
	(8, 'Eli-812', 1, 'fgdfgdfgdfg', 80000.00, 10.00, 5, 'IVA', 2, 10, 1, '2022-01-08 17:08:52', '2022-01-08 17:08:52'),
	(9, 'Eli-812', 1, 'fgdfgdfgdfg', 80000.00, 10.00, 5, 'IVA', 2, 11, 1, '2022-01-08 17:09:52', '2022-01-08 17:09:52'),
	(10, 'Eli-812', 1, 'fgdfgdfgdfg', 80000.00, 10.00, 5, 'IVA', 2, 12, 1, '2022-01-08 17:12:56', '2022-01-08 17:12:56'),
	(11, 'Eli-812', 1, 'fgdfgdfgdfg', 80000.00, 10.00, 5, 'IVA', 2, 13, 1, '2022-01-08 17:13:28', '2022-01-08 17:13:28'),
	(12, 'Eli-812', 1, 'fgdfgdfgdfg', 80000.00, 10.00, 5, 'IVA', 3, 14, 1, '2022-01-08 17:33:10', '2022-01-08 17:33:10'),
	(13, 'Eli-812', 1, 'fgdfgdfgdfg', 80000.00, 10.00, 5, 'IVA', 3, 15, 1, '2022-01-08 17:33:50', '2022-01-08 17:33:50'),
	(14, 'Eli-812', 1, 'fgdfgdfgdfg', 80000.00, 10.00, 5, 'IVA', 2, 16, 1, '2022-01-08 17:34:36', '2022-01-08 17:34:36'),
	(15, 'Eli-812', 1, 'fgdfgdfgdfg', 80000.00, 10.00, 5, 'IVA', 2, 17, 1, '2022-01-08 17:38:25', '2022-01-08 17:38:25'),
	(16, 'Eli-812', 1, 'fgdfgdfgdfg', 80000.00, 10.00, 5, 'IVA', 2, 18, 1, '2022-01-08 17:39:43', '2022-01-08 17:39:43'),
	(17, 'Eli-812', 1, 'fgdfgdfgdfg', 80000.00, 0.00, 0, 'IVA', 0, 20, 1, '2022-01-08 17:41:35', '2022-01-08 17:41:35'),
	(18, 'Eli-812', 1, 'fgdfgdfgdfg', 80000.00, 0.00, 0, 'IVA', 0, 21, 1, '2022-01-08 17:43:34', '2022-01-08 17:43:34'),
	(19, 'Eli-812', 1, 'fgdfgdfgdfg', 80000.00, 0.00, 0, 'IVA', 0, 22, 1, '2022-01-08 17:48:44', '2022-01-08 17:48:44'),
	(20, 'Eli-812', 1, 'fgdfgdfgdfg', 80000.00, 0.00, 0, 'IVA', 0, 23, 1, '2022-01-08 17:52:26', '2022-01-08 17:52:26'),
	(21, 'Eli-812', 1, 'fgdfgdfgdfg', 80000.00, 0.00, 0, 'IVA', 0, 24, 1, '2022-01-08 17:53:36', '2022-01-08 17:53:36'),
	(22, 'Eli-812', 1, 'fgdfgdfgdfg', 80000.00, 0.00, 0, 'IVA', 0, 25, 1, '2022-01-08 17:53:54', '2022-01-08 17:53:54'),
	(23, 'Eli-812', 1, 'fgdfgdfgdfg', 80000.00, 0.00, 0, 'IVA', 0, 26, 1, '2022-01-08 17:54:26', '2022-01-08 17:54:26'),
	(24, 'Eli-812', 1, 'fgdfgdfgdfg', 80000.00, 0.00, 0, 'IVA', 0, 27, 1, '2022-01-08 18:00:10', '2022-01-08 18:00:10'),
	(25, 'Eli-812', 1, 'fgdfgdfgdfg', 80000.00, 0.00, 0, 'IVA', 0, 28, 1, '2022-01-08 18:02:51', '2022-01-08 18:02:51'),
	(26, 'Eli-812', 1, 'fgdfgdfgdfg', 80000.00, 10.00, 5, 'IVA', 10, 29, 1, '2022-01-08 18:47:24', '2022-01-08 18:47:24'),
	(27, 'ert-4534', 1, 'fgdfgdf', 180000.00, 10.00, 16, 'IVA', 11, 30, 6, '2022-01-08 18:54:54', '2022-01-08 18:54:54'),
	(28, 'Eli-812', 1, 'fgdfgdfgdfg', 80000.00, 10.00, 19, 'IVA', 10, 31, 1, '2022-01-08 18:57:01', '2022-01-08 18:57:01'),
	(29, 'Eli-812', 1, 'fgdfgdfgdfg', 80000.00, 10.00, 0, 'IVA', 0, 32, 1, '2022-01-08 18:58:18', '2022-01-08 18:58:18'),
	(30, 'Eli-812', 1, 'fgdfgdfgdfg', 80000.00, 10.00, 0, 'IVA', 0, 33, 1, '2022-02-03 19:16:59', '2022-02-03 19:16:59'),
	(31, 'Eli-812', 1, 'fgdfgdfgdfg', 80000.00, 10.00, 0, 'IVA', 0, 34, 1, '2022-02-03 19:18:34', '2022-02-03 19:18:34'),
	(32, 'Eli-812', 1, 'fgdfgdfgdfg', 80000.00, 10.00, 0, 'IVA', 0, 35, 1, '2022-02-03 19:19:13', '2022-02-03 19:19:13'),
	(33, 'Eli-812', 1, 'fgdfgdfgdfg', 80000.00, 10.00, 0, 'IVA', 0, 36, 1, '2022-02-03 19:19:55', '2022-02-03 19:19:55'),
	(34, 'Eli-812', 1, 'fgdfgdfgdfg', 80000.00, 10.00, 0, 'IVA', 0, 37, 1, '2022-02-03 19:21:15', '2022-02-03 19:21:15'),
	(35, 'Eli-812', 1, 'fgdfgdfgdfg', 80000.00, 10.00, 0, 'IVA', 0, 38, 1, '2022-02-03 19:21:38', '2022-02-03 19:21:38'),
	(36, 'Eli-812', 1, 'fgdfgdfgdfg', 80000.00, 10.00, 0, 'IVA', 0, 39, 6, '2022-02-03 19:22:31', '2022-02-03 19:22:31'),
	(40, 'Eli-812', 1, 'fgdfgdfgdfg', 80000.00, 0.00, 0, 'IVA', 0, 44, 6, '2022-02-15 18:10:10', '2022-02-15 18:10:10'),
	(41, 'Eli-812', 1, 'fgdfgdfgdfg', 80000.00, 0.00, 0, 'IVA', 0, 44, 1, '2022-02-15 18:15:45', '2022-02-15 18:15:45'),
	(45, 'Eli-812', 1, 'fgdfgdfgdfg', 80000.00, 0.00, 0, 'IVA', 0, 46, 1, '2022-02-23 10:22:28', '2022-02-23 10:22:28'),
	(44, 'ert-4534', 1, 'fgdfgdf', 180000.00, 10.00, 19, 'IVA', 2, 46, 6, '2022-02-23 10:22:28', '2022-02-23 10:22:28'),
	(46, 'ert-4534', 1, 'fgdfgdf', 180000.00, 10.00, 16, 'IVA', 2, 47, 6, '2022-02-23 10:49:01', '2022-02-23 10:49:01'),
	(47, 'ert-4534', 1, 'fgdfgdf', 180000.00, 0.00, 0, 'IVA', 0, 48, 6, '2022-02-23 10:55:47', '2022-02-23 10:55:47'),
	(48, 'Eli-812', 1, 'fgdfgdfgdfg', 80000.00, 12.00, 19, 'IVA', 7, 48, 1, '2022-02-23 10:55:47', '2022-02-23 10:55:47'),
	(49, 'Eli-812', 1, 'fgdfgdfgdfg', 80000.00, 0.00, 0, 'IVA', 0, 49, 1, '2022-02-23 11:05:48', '2022-02-23 11:05:48');
/*!40000 ALTER TABLE `invoice_items` ENABLE KEYS */;

-- Dumping structure for table eliana.logins
CREATE TABLE IF NOT EXISTS `logins` (
  `id` int(10) unsigned NOT NULL AUTO_INCREMENT,
  `user_id` bigint(20) unsigned NOT NULL,
  `user_agent` varchar(125) COLLATE utf8mb4_unicode_ci NOT NULL,
  `session_token` varchar(40) COLLATE utf8mb4_unicode_ci NOT NULL,
  `ip_address` varchar(40) COLLATE utf8mb4_unicode_ci NOT NULL,
  `login_at` timestamp NOT NULL DEFAULT CURRENT_TIMESTAMP,
  `logout_at` datetime DEFAULT NULL,
  `deleted_at` timestamp NULL DEFAULT NULL,
  `created_at` timestamp NULL DEFAULT NULL,
  `updated_at` timestamp NULL DEFAULT NULL,
  PRIMARY KEY (`id`),
  KEY `logins_user_id_foreign` (`user_id`)
) ENGINE=MyISAM DEFAULT CHARSET=utf8mb4 COLLATE=utf8mb4_unicode_ci;

-- Dumping data for table eliana.logins: 0 rows
/*!40000 ALTER TABLE `logins` DISABLE KEYS */;
/*!40000 ALTER TABLE `logins` ENABLE KEYS */;

-- Dumping structure for table eliana.log_sistemas
CREATE TABLE IF NOT EXISTS `log_sistemas` (
  `id` int(10) unsigned NOT NULL AUTO_INCREMENT,
  `user_id` bigint(20) unsigned NOT NULL,
  `tx_descripcion` longtext COLLATE utf8mb4_unicode_ci NOT NULL,
  `deleted_at` timestamp NULL DEFAULT NULL,
  `created_at` timestamp NULL DEFAULT NULL,
  `updated_at` timestamp NULL DEFAULT NULL,
  PRIMARY KEY (`id`),
  KEY `log_sistemas_user_id_foreign` (`user_id`)
) ENGINE=MyISAM DEFAULT CHARSET=utf8mb4 COLLATE=utf8mb4_unicode_ci;

-- Dumping data for table eliana.log_sistemas: 0 rows
/*!40000 ALTER TABLE `log_sistemas` DISABLE KEYS */;
/*!40000 ALTER TABLE `log_sistemas` ENABLE KEYS */;

-- Dumping structure for table eliana.migrations
CREATE TABLE IF NOT EXISTS `migrations` (
  `id` bigint(20) unsigned NOT NULL AUTO_INCREMENT,
  `migration` varchar(125) COLLATE utf8mb4_unicode_ci NOT NULL,
  `batch` int(11) NOT NULL,
  PRIMARY KEY (`id`)
) ENGINE=MyISAM AUTO_INCREMENT=7 DEFAULT CHARSET=utf8mb4 COLLATE=utf8mb4_unicode_ci;

-- Dumping data for table eliana.migrations: 6 rows
/*!40000 ALTER TABLE `migrations` DISABLE KEYS */;
INSERT INTO `migrations` (`id`, `migration`, `batch`) VALUES
	(1, '2014_10_12_000000_create_users_table', 1),
	(2, '2014_10_12_100000_create_password_resets_table', 1),
	(3, '2019_08_19_000000_create_failed_jobs_table', 1),
	(4, '2021_04_25_171809_create_permission_tables', 1),
	(5, '2021_04_25_185033_create_logins_table', 1),
	(6, '2021_04_25_191437_create_log_sistemas_table', 1);
/*!40000 ALTER TABLE `migrations` ENABLE KEYS */;

-- Dumping structure for table eliana.model_has_permissions
CREATE TABLE IF NOT EXISTS `model_has_permissions` (
  `permission_id` bigint(20) unsigned NOT NULL,
  `model_type` varchar(125) COLLATE utf8mb4_unicode_ci NOT NULL,
  `model_id` bigint(20) unsigned NOT NULL,
  PRIMARY KEY (`permission_id`,`model_id`,`model_type`),
  KEY `model_has_permissions_model_id_model_type_index` (`model_id`,`model_type`)
) ENGINE=MyISAM DEFAULT CHARSET=utf8mb4 COLLATE=utf8mb4_unicode_ci;

-- Dumping data for table eliana.model_has_permissions: 0 rows
/*!40000 ALTER TABLE `model_has_permissions` DISABLE KEYS */;
/*!40000 ALTER TABLE `model_has_permissions` ENABLE KEYS */;

-- Dumping structure for table eliana.model_has_roles
CREATE TABLE IF NOT EXISTS `model_has_roles` (
  `role_id` bigint(20) unsigned NOT NULL,
  `model_type` varchar(125) COLLATE utf8mb4_unicode_ci NOT NULL,
  `model_id` bigint(20) unsigned NOT NULL,
  PRIMARY KEY (`role_id`,`model_id`,`model_type`),
  KEY `model_has_roles_model_id_model_type_index` (`model_id`,`model_type`)
) ENGINE=MyISAM DEFAULT CHARSET=utf8mb4 COLLATE=utf8mb4_unicode_ci;

-- Dumping data for table eliana.model_has_roles: 8 rows
/*!40000 ALTER TABLE `model_has_roles` DISABLE KEYS */;
INSERT INTO `model_has_roles` (`role_id`, `model_type`, `model_id`) VALUES
	(1, 'App\\Models\\User', 1),
	(2, 'App\\Models\\User', 2),
	(2, 'App\\Models\\User', 3),
	(2, 'App\\Models\\User', 5),
	(2, 'App\\Models\\User', 6),
	(2, 'App\\Models\\User', 7),
	(3, 'App\\Models\\User', 4),
	(4, 'App\\Models\\User', 8);
/*!40000 ALTER TABLE `model_has_roles` ENABLE KEYS */;

-- Dumping structure for table eliana.note_credit
CREATE TABLE IF NOT EXISTS `note_credit` (
  `id` int(10) unsigned NOT NULL AUTO_INCREMENT,
  `issue_date` date DEFAULT NULL,
  `payment_date` datetime DEFAULT NULL,
  `order_reference` varchar(125) COLLATE utf8mb4_unicode_ci DEFAULT NULL,
  `invoice_type_code` varchar(125) COLLATE utf8mb4_unicode_ci DEFAULT NULL,
  `payment_means` varchar(125) COLLATE utf8mb4_unicode_ci DEFAULT NULL,
  `payment_means_type` varchar(125) COLLATE utf8mb4_unicode_ci DEFAULT NULL,
  `customer_id` int(11) DEFAULT NULL,
  `subtotal` float DEFAULT NULL,
  `discount` float DEFAULT NULL,
  `ret_fuente` float DEFAULT NULL,
  `taxe` float DEFAULT NULL,
  `total` float DEFAULT NULL,
  `pdf_url` longtext COLLATE utf8mb4_unicode_ci,
  `number_invoice` varchar(200) COLLATE utf8mb4_unicode_ci DEFAULT NULL,
  `dian_status` varchar(200) COLLATE utf8mb4_unicode_ci DEFAULT NULL,
  `email_status` varchar(200) COLLATE utf8mb4_unicode_ci DEFAULT NULL,
  `uuid` longtext COLLATE utf8mb4_unicode_ci,
  `campuse_id` int(11) DEFAULT NULL,
  `created_at` timestamp NULL DEFAULT NULL,
  `updated_at` timestamp NULL DEFAULT NULL,
  PRIMARY KEY (`id`) USING BTREE,
  KEY `FK_invoices_customers` (`customer_id`) USING BTREE
) ENGINE=MyISAM AUTO_INCREMENT=24 DEFAULT CHARSET=utf8mb4 COLLATE=utf8mb4_unicode_ci;

-- Dumping data for table eliana.note_credit: 3 rows
/*!40000 ALTER TABLE `note_credit` DISABLE KEYS */;
INSERT INTO `note_credit` (`id`, `issue_date`, `payment_date`, `order_reference`, `invoice_type_code`, `payment_means`, `payment_means_type`, `customer_id`, `subtotal`, `discount`, `ret_fuente`, `taxe`, `total`, `pdf_url`, `number_invoice`, `dian_status`, `email_status`, `uuid`, `campuse_id`, `created_at`, `updated_at`) VALUES
	(22, '2022-02-23', '2022-02-23 10:55:47', 'C-1-I-48', 'FACTURA_VENTA', 'DEBIT_CARD', 'DEBITO', 1, 0, 0, 4928, 13376, 258848, 'https://interactive.dataico.com/direct/serve-file?document-id=017f2717-9d15-89a7-841d-a7532613a7da&pdf-type=credit-note&document-type=credit-note', 'YR994800914', 'DIAN_NO_ENVIADO', NULL, '017f2717-9d15-89a7-841d-a7532613a7da', 1, '2022-02-23 10:58:43', '2022-02-23 10:58:54'),
	(21, '2022-02-23', '2022-02-23 10:49:01', 'C-1-I-47', 'FACTURA_VENTA', 'DEBIT_CARD', 'DEBITO', 1, 0, 0, 3240, 25920, 184680, NULL, 'YR994927969', NULL, NULL, '017f270e-a414-803f-a6bf-da50a16dfe8a', 1, '2022-02-23 10:49:49', '2022-02-23 10:49:49'),
	(23, '2022-02-23', '2022-02-23 11:05:48', 'C-1-I-49', 'FACTURA_VENTA', 'DEBIT_CARD', 'DEBITO', 1, 0, 0, 0, 0, 80000, 'https://interactive.dataico.com/direct/serve-file?document-id=017f271f-33be-8603-9d8d-f8fc14610936&pdf-type=credit-note&document-type=credit-note', 'YR994800915', 'DIAN_NO_ENVIADO', NULL, '017f271f-33be-8603-9d8d-f8fc14610936', 1, '2022-02-23 11:07:01', '2022-02-23 11:07:11');
/*!40000 ALTER TABLE `note_credit` ENABLE KEYS */;

-- Dumping structure for table eliana.note_credit_items
CREATE TABLE IF NOT EXISTS `note_credit_items` (
  `id` int(10) unsigned NOT NULL AUTO_INCREMENT,
  `sku` varchar(125) COLLATE utf8mb4_unicode_ci DEFAULT NULL,
  `quantity` int(11) DEFAULT NULL,
  `description` longtext COLLATE utf8mb4_unicode_ci,
  `price` double(8,2) DEFAULT NULL,
  `discount_rate` double(8,2) DEFAULT NULL,
  `tax_rate` float DEFAULT NULL,
  `type_tax` varchar(50) COLLATE utf8mb4_unicode_ci DEFAULT NULL,
  `ret_fuente` float DEFAULT NULL,
  `note_credit_id` int(10) unsigned DEFAULT NULL,
  `service_id` int(10) unsigned DEFAULT NULL,
  `created_at` timestamp NULL DEFAULT NULL,
  `updated_at` timestamp NULL DEFAULT NULL,
  PRIMARY KEY (`id`) USING BTREE,
  KEY `note_credit_items_note_credit_foreign` (`note_credit_id`) USING BTREE,
  KEY `note_credit_items_service_id_foreign` (`service_id`) USING BTREE
) ENGINE=MyISAM AUTO_INCREMENT=45 DEFAULT CHARSET=utf8mb4 COLLATE=utf8mb4_unicode_ci;

-- Dumping data for table eliana.note_credit_items: 4 rows
/*!40000 ALTER TABLE `note_credit_items` DISABLE KEYS */;
INSERT INTO `note_credit_items` (`id`, `sku`, `quantity`, `description`, `price`, `discount_rate`, `tax_rate`, `type_tax`, `ret_fuente`, `note_credit_id`, `service_id`, `created_at`, `updated_at`) VALUES
	(42, 'ert-4534', 1, 'fgdfgdf', 180000.00, 0.00, 0, 'IVA', 0, 22, 6, '2022-02-23 10:58:43', '2022-02-23 10:58:43'),
	(41, 'ert-4534', 1, 'fgdfgdf', 180000.00, 10.00, 16, 'IVA', 2, 21, 6, '2022-02-23 10:49:49', '2022-02-23 10:49:49'),
	(43, 'Eli-812', 1, 'fgdfgdfgdfg', 80000.00, 12.00, 19, 'IVA', 7, 22, 1, '2022-02-23 10:58:43', '2022-02-23 10:58:43'),
	(44, 'Eli-812', 1, 'fgdfgdfgdfg', 80000.00, 0.00, 0, 'IVA', 0, 23, 1, '2022-02-23 11:07:01', '2022-02-23 11:07:01');
/*!40000 ALTER TABLE `note_credit_items` ENABLE KEYS */;

-- Dumping structure for table eliana.odontograms
CREATE TABLE IF NOT EXISTS `odontograms` (
  `id` int(11) NOT NULL AUTO_INCREMENT,
  `patient_id` int(11) DEFAULT NULL,
  `created_at` datetime DEFAULT NULL,
  `updated_at` datetime DEFAULT NULL,
  PRIMARY KEY (`id`)
) ENGINE=MyISAM AUTO_INCREMENT=3 DEFAULT CHARSET=latin1;

-- Dumping data for table eliana.odontograms: 2 rows
/*!40000 ALTER TABLE `odontograms` DISABLE KEYS */;
INSERT INTO `odontograms` (`id`, `patient_id`, `created_at`, `updated_at`) VALUES
	(1, 1, '2022-06-03 11:31:34', '2022-06-03 11:31:34'),
	(2, 1, '2022-06-03 11:33:51', '2022-06-03 11:33:51');
/*!40000 ALTER TABLE `odontograms` ENABLE KEYS */;

-- Dumping structure for table eliana.password_resets
CREATE TABLE IF NOT EXISTS `password_resets` (
  `email` varchar(125) COLLATE utf8mb4_unicode_ci NOT NULL,
  `token` varchar(125) COLLATE utf8mb4_unicode_ci NOT NULL,
  `created_at` timestamp NULL DEFAULT NULL,
  KEY `password_resets_email_index` (`email`)
) ENGINE=MyISAM DEFAULT CHARSET=utf8mb4 COLLATE=utf8mb4_unicode_ci;

-- Dumping data for table eliana.password_resets: 0 rows
/*!40000 ALTER TABLE `password_resets` DISABLE KEYS */;
/*!40000 ALTER TABLE `password_resets` ENABLE KEYS */;

-- Dumping structure for table eliana.patients
CREATE TABLE IF NOT EXISTS `patients` (
  `id` int(11) NOT NULL AUTO_INCREMENT,
  `full_name` varchar(50) DEFAULT NULL,
  `dni` int(11) DEFAULT NULL,
  `birthday` date DEFAULT NULL,
  `phone` varchar(50) DEFAULT NULL,
  PRIMARY KEY (`id`)
) ENGINE=MyISAM AUTO_INCREMENT=2 DEFAULT CHARSET=latin1;

-- Dumping data for table eliana.patients: 1 rows
/*!40000 ALTER TABLE `patients` DISABLE KEYS */;
INSERT INTO `patients` (`id`, `full_name`, `dni`, `birthday`, `phone`) VALUES
	(1, 'yefer', 12345678, '2022-06-03', '3125679809');
/*!40000 ALTER TABLE `patients` ENABLE KEYS */;

-- Dumping structure for table eliana.permissions
CREATE TABLE IF NOT EXISTS `permissions` (
  `id` bigint(20) unsigned NOT NULL AUTO_INCREMENT,
  `name` varchar(125) COLLATE utf8mb4_unicode_ci NOT NULL,
  `guard_name` varchar(125) COLLATE utf8mb4_unicode_ci NOT NULL,
  `created_at` timestamp NULL DEFAULT NULL,
  `updated_at` timestamp NULL DEFAULT NULL,
  PRIMARY KEY (`id`),
  UNIQUE KEY `permissions_name_guard_name_unique` (`name`,`guard_name`)
) ENGINE=MyISAM AUTO_INCREMENT=60 DEFAULT CHARSET=utf8mb4 COLLATE=utf8mb4_unicode_ci;

-- Dumping data for table eliana.permissions: 59 rows
/*!40000 ALTER TABLE `permissions` DISABLE KEYS */;
INSERT INTO `permissions` (`id`, `name`, `guard_name`, `created_at`, `updated_at`) VALUES
	(1, 'Ver Usuario', 'web', '2022-02-09 10:59:45', '2022-02-09 10:59:45'),
	(2, 'Registrar Usuario', 'web', '2022-02-09 10:59:45', '2022-02-09 10:59:45'),
	(3, 'Editar Usuario', 'web', '2022-02-09 10:59:45', '2022-02-09 10:59:45'),
	(4, 'Eliminar Usuario', 'web', '2022-02-09 10:59:45', '2022-02-09 10:59:45'),
	(5, 'AsignarPermisos', 'web', '2022-02-09 10:59:45', '2022-02-09 10:59:45'),
	(6, 'Ver Permisos', 'web', '2022-02-09 10:59:45', '2022-02-09 10:59:45'),
	(7, 'Crear Permisos', 'web', '2022-02-09 10:59:45', '2022-02-09 10:59:45'),
	(8, 'Editar Permisos', 'web', '2022-02-09 10:59:45', '2022-02-09 10:59:45'),
	(9, 'EliminarPermisos', 'web', '2022-02-09 10:59:45', '2022-02-09 10:59:45'),
	(10, 'Ver Logins', 'web', '2022-02-09 10:59:45', '2022-02-09 10:59:45'),
	(11, 'Ver Log Sistema', 'web', '2022-02-09 10:59:45', '2022-02-09 10:59:45'),
	(12, 'Ver Role', 'web', '2022-02-09 10:59:45', '2022-02-09 10:59:45'),
	(13, 'Registrar Role', 'web', '2022-02-09 10:59:45', '2022-02-09 10:59:45'),
	(14, 'Editar Role', 'web', '2022-02-09 10:59:45', '2022-02-09 10:59:45'),
	(15, 'Eliminar Role', 'web', '2022-02-09 10:59:45', '2022-02-09 10:59:45'),
	(16, 'Administración', 'web', '2022-02-09 10:59:45', '2022-02-09 10:59:45'),
	(17, 'Ver Sedes', 'web', NULL, NULL),
	(18, 'Crear Sedes', 'web', NULL, NULL),
	(19, 'Editar Sedes', 'web', NULL, NULL),
	(20, 'Eliminar Sedes', 'web', NULL, NULL),
	(21, 'Ver Servicios', 'web', NULL, NULL),
	(22, 'Crear Servicios', 'web', NULL, NULL),
	(23, 'Editar Servicios', 'web', NULL, NULL),
	(24, 'Eliminar Servicios', 'web', NULL, NULL),
	(25, 'Ver Clientes', 'web', NULL, NULL),
	(26, 'Editar Clientes', 'web', NULL, NULL),
	(27, 'Crear Clientes', 'web', NULL, NULL),
	(28, 'Eliminar Clientes', 'web', NULL, NULL),
	(29, 'Facturación', 'web', NULL, NULL),
	(30, 'Facturación Electronica', 'web', NULL, NULL),
	(31, 'Facturación Pos', 'web', NULL, NULL),
	(32, 'Nota Créditos Electronica', 'web', NULL, NULL),
	(33, 'Anular Factura  POS', 'web', NULL, NULL),
	(34, 'Nota Débito Electronica', 'web', NULL, NULL),
	(35, 'Crear Disponibilidad', 'web', NULL, NULL),
	(36, 'Editar Disponibilidad', 'web', NULL, NULL),
	(37, 'Ver Disponibilidad', 'web', NULL, NULL),
	(38, 'Eliminar Disponibilidad', 'web', NULL, NULL),
	(39, 'Citas', 'web', NULL, NULL),
	(40, 'Ver Citas', 'web', NULL, NULL),
	(41, 'Crear Cita', 'web', NULL, NULL),
	(42, 'Eliminar Cita', 'web', NULL, NULL),
	(43, 'Cancelar Cita', 'web', NULL, NULL),
	(44, 'Editar Cita', 'web', NULL, NULL),
	(45, 'Ver Tipo de Citas', 'web', NULL, NULL),
	(46, 'Crear Tipo de Citas', 'web', NULL, NULL),
	(47, 'Editar Tipo de Citas', 'web', NULL, NULL),
	(48, 'Eliminar Tipo de Cita', 'web', NULL, NULL),
	(49, 'Crear Cotización', 'web', NULL, NULL),
	(50, 'Ver Cotización', 'web', NULL, NULL),
	(51, 'Editar Cotización', 'web', NULL, NULL),
	(52, 'Eliminar Cotización', 'web', NULL, NULL),
	(53, 'Reportes', 'web', NULL, NULL),
	(54, 'Reporte Facturación Electronica', 'web', NULL, NULL),
	(55, 'Reporte Facturación pos', 'web', NULL, NULL),
	(56, 'Reporte Cotizaciones', 'web', NULL, NULL),
	(57, 'Ver Historias Clinicas', 'web', NULL, NULL),
	(58, 'Crear Historias Clinicas', 'web', NULL, NULL),
	(59, 'Editar Historias Clinicas', 'web', NULL, NULL);
/*!40000 ALTER TABLE `permissions` ENABLE KEYS */;

-- Dumping structure for table eliana.pos
CREATE TABLE IF NOT EXISTS `pos` (
  `id` int(10) unsigned NOT NULL AUTO_INCREMENT,
  `issue_date` date DEFAULT NULL,
  `payment_date` datetime DEFAULT NULL,
  `order_reference` varchar(125) COLLATE utf8mb4_unicode_ci DEFAULT NULL,
  `invoice_type_code` varchar(125) COLLATE utf8mb4_unicode_ci DEFAULT NULL,
  `payment_means` varchar(125) COLLATE utf8mb4_unicode_ci DEFAULT NULL,
  `payment_means_type` varchar(125) COLLATE utf8mb4_unicode_ci DEFAULT NULL,
  `customer_id` int(11) DEFAULT NULL,
  `subtotal` float DEFAULT NULL,
  `discount` float DEFAULT NULL,
  `ret_fuente` float DEFAULT NULL,
  `taxe` float DEFAULT NULL,
  `total` float DEFAULT NULL,
  `pdf_url` longtext COLLATE utf8mb4_unicode_ci,
  `campuse_id` int(11) DEFAULT NULL,
  `created_at` timestamp NULL DEFAULT NULL,
  `updated_at` timestamp NULL DEFAULT NULL,
  `state` int(11) DEFAULT '1',
  PRIMARY KEY (`id`) USING BTREE,
  KEY `FK_invoices_customers` (`customer_id`) USING BTREE
) ENGINE=MyISAM AUTO_INCREMENT=27 DEFAULT CHARSET=utf8mb4 COLLATE=utf8mb4_unicode_ci;

-- Dumping data for table eliana.pos: 26 rows
/*!40000 ALTER TABLE `pos` DISABLE KEYS */;
INSERT INTO `pos` (`id`, `issue_date`, `payment_date`, `order_reference`, `invoice_type_code`, `payment_means`, `payment_means_type`, `customer_id`, `subtotal`, `discount`, `ret_fuente`, `taxe`, `total`, `pdf_url`, `campuse_id`, `created_at`, `updated_at`, `state`) VALUES
	(1, '2022-01-24', '2022-01-24 09:41:32', NULL, 'FACTURA_VENTA', 'DEBIT_CARD', 'DEBITO', 1, NULL, NULL, NULL, NULL, NULL, NULL, 1, '2022-01-24 09:41:32', '2022-01-24 09:41:32', 1),
	(2, '2022-01-24', '2022-01-24 09:42:43', 'C-1-I-2', 'FACTURA_VENTA', 'DEBIT_CARD', 'DEBITO', 1, 80000, 0, 0, 0, 80000, NULL, 1, '2022-01-24 09:42:43', '2022-01-24 09:42:43', 1),
	(3, '2022-01-24', '2022-01-24 09:44:43', 'C-1-I-3', 'FACTURA_VENTA', 'DEBIT_CARD', 'CREDITO', 1, 80000, 0, 0, 0, 80000, NULL, 1, '2022-01-24 09:44:43', '2022-01-24 09:44:43', 1),
	(4, '2022-02-03', '2022-02-03 18:06:35', 'C1I4', 'FACTURA_VENTA', 'DEBIT_CARD', 'DEBITO', 1, 80000, 0, 0, 0, 80000, NULL, 1, '2022-02-03 18:06:35', '2022-02-03 18:06:35', 1),
	(5, '2022-02-03', '2022-02-03 18:15:47', 'C1I5', 'FACTURA_VENTA', 'CASH', 'DEBITO', 1, 260000, 0, 0, 0, 260000, NULL, 1, '2022-02-03 18:15:47', '2022-02-03 18:15:47', 1),
	(6, '2022-02-03', '2022-02-03 18:18:21', 'C1I6', 'FACTURA_VENTA', 'CASH', 'DEBITO', 1, 260000, 0, 0, 0, 260000, NULL, 1, '2022-02-03 18:18:21', '2022-02-03 18:18:21', 1),
	(7, '2022-02-03', '2022-02-03 18:19:43', 'C1I7', 'FACTURA_VENTA', 'CASH', 'DEBITO', 1, 260000, 0, 0, 0, 260000, NULL, 1, '2022-02-03 18:19:43', '2022-02-03 18:19:43', 1),
	(8, '2022-02-03', '2022-02-03 18:20:02', 'C1I8', 'FACTURA_VENTA', 'CASH', 'DEBITO', 1, 260000, 0, 0, 0, 260000, NULL, 1, '2022-02-03 18:20:02', '2022-02-03 18:20:02', 1),
	(9, '2022-02-03', '2022-02-03 18:20:59', 'C1I9', 'FACTURA_VENTA', 'CASH', 'DEBITO', 1, 260000, 0, 0, 0, 260000, NULL, 1, '2022-02-03 18:20:59', '2022-02-03 18:20:59', 1),
	(10, '2022-02-03', '2022-02-03 18:24:02', 'C1I10', 'FACTURA_VENTA', 'CASH', 'DEBITO', 1, 260000, 0, 0, 0, 260000, NULL, 1, '2022-02-03 18:24:02', '2022-02-03 18:24:02', 1),
	(11, '2022-02-03', '2022-02-03 18:25:19', 'C1I11', 'FACTURA_VENTA', 'CASH', 'DEBITO', 1, 260000, 0, 0, 0, 260000, NULL, 1, '2022-02-03 18:25:19', '2022-02-03 18:25:19', 1),
	(12, '2022-02-03', '2022-02-03 18:25:39', 'C1I12', 'FACTURA_VENTA', 'CASH', 'DEBITO', 1, 260000, 0, 0, 0, 260000, NULL, 1, '2022-02-03 18:25:39', '2022-02-03 18:25:39', 1),
	(13, '2022-02-03', '2022-02-03 18:26:06', 'C1I13', 'FACTURA_VENTA', 'CASH', 'DEBITO', 1, 260000, 0, 0, 0, 260000, NULL, 1, '2022-02-03 18:26:06', '2022-02-03 18:26:06', 1),
	(14, '2022-02-03', '2022-02-03 18:34:50', 'C1I14', 'FACTURA_VENTA', 'CASH', 'DEBITO', 1, 260000, 0, 0, 0, 260000, NULL, 1, '2022-02-03 18:34:50', '2022-02-03 18:34:50', 1),
	(15, '2022-02-03', '2022-02-03 18:36:57', 'C1I15', 'FACTURA_VENTA', 'CASH', 'DEBITO', 1, 260000, 0, 0, 0, 260000, NULL, 1, '2022-02-03 18:36:57', '2022-02-03 18:36:57', 1),
	(16, '2022-02-03', '2022-02-03 18:38:28', 'C1I16', 'FACTURA_VENTA', 'CASH', 'DEBITO', 1, 260000, 0, 0, 0, 260000, NULL, 1, '2022-02-03 18:38:28', '2022-02-03 18:38:28', 1),
	(17, '2022-02-03', '2022-02-03 18:40:23', 'C1I17', 'FACTURA_VENTA', 'CASH', 'DEBITO', 1, 260000, 0, 0, 0, 260000, 'http://localhost:8081/facturas/facturaC1I17.pdf', 1, '2022-02-03 18:40:23', '2022-02-03 18:40:41', 1),
	(18, '2022-02-03', '2022-02-03 19:01:22', NULL, 'FACTURA_VENTA', 'DEBIT_CARD', 'DEBITO', 1, NULL, NULL, NULL, NULL, NULL, NULL, 1, '2022-02-03 19:01:22', '2022-02-03 19:01:22', 1),
	(19, '2022-02-03', '2022-02-03 19:04:09', NULL, 'FACTURA_VENTA', 'DEBIT_CARD', 'DEBITO', 1, NULL, NULL, NULL, NULL, NULL, NULL, 1, '2022-02-03 19:04:09', '2022-02-03 19:04:09', 1),
	(20, '2022-02-03', '2022-02-03 19:06:08', NULL, 'FACTURA_VENTA', 'DEBIT_CARD', 'DEBITO', 1, NULL, NULL, NULL, NULL, NULL, NULL, 1, '2022-02-03 19:06:08', '2022-02-03 19:06:08', 1),
	(21, '2022-02-03', '2022-02-03 19:06:47', NULL, 'FACTURA_VENTA', 'DEBIT_CARD', 'DEBITO', 1, NULL, NULL, NULL, NULL, NULL, NULL, 1, '2022-02-03 19:06:47', '2022-02-03 19:06:47', 1),
	(22, '2022-02-03', '2022-02-03 19:07:44', NULL, 'FACTURA_VENTA', 'CREDIT_ACH', 'DEBITO', 1, NULL, NULL, NULL, NULL, NULL, NULL, 1, '2022-02-03 19:07:44', '2022-02-03 19:07:44', 1),
	(23, '2022-02-03', '2022-02-03 19:08:27', 'C1I23', 'FACTURA_VENTA', 'CREDIT_ACH', 'DEBITO', 1, 80000, 8000, 0, 13680, 85680, 'http://localhost:8081/facturas/facturaC1I23.pdf', 1, '2022-02-03 19:08:27', '2022-02-03 19:08:45', 1),
	(24, '2022-02-03', '2022-02-03 19:11:00', 'C1I24', 'FACTURA_VENTA', 'DEBIT_CARD', 'DEBITO', 1, 80000, 8000, 0, 13680, 85680, 'http://localhost:8081/facturas/facturaC1I24.pdf', 1, '2022-02-03 19:11:00', '2022-02-03 19:11:18', 1),
	(25, '2022-02-05', '2022-02-05 10:21:36', 'C1I25', 'FACTURA_VENTA', 'DEBIT_CARD', 'DEBITO', 1, 80000, 0, 0, 0, 80000, 'https://elianalagos.co/facturas/facturaC1I25.pdf', 1, '2022-02-05 10:21:36', '2022-02-05 10:21:39', 1),
	(26, '2022-02-07', '2022-02-07 13:13:07', 'C1I26', 'FACTURA_VENTA', 'DEBIT_CARD', 'DEBITO', 1, 80000, 0, 0, 0, 80000, 'https://elianalagos.co/facturas/facturaC1I26.pdf', 1, '2022-02-07 13:13:07', '2022-02-15 17:14:55', 0);
/*!40000 ALTER TABLE `pos` ENABLE KEYS */;

-- Dumping structure for table eliana.pos_items
CREATE TABLE IF NOT EXISTS `pos_items` (
  `id` int(10) unsigned NOT NULL AUTO_INCREMENT,
  `sku` varchar(125) COLLATE utf8mb4_unicode_ci DEFAULT NULL,
  `quantity` int(11) DEFAULT NULL,
  `description` longtext COLLATE utf8mb4_unicode_ci,
  `price` double(8,2) DEFAULT NULL,
  `discount` double(8,2) DEFAULT NULL,
  `tax_rate` float DEFAULT NULL,
  `type_tax` varchar(50) COLLATE utf8mb4_unicode_ci DEFAULT NULL,
  `ret_fuente` float DEFAULT NULL,
  `pos_id` int(10) unsigned DEFAULT NULL,
  `service_id` int(10) unsigned DEFAULT NULL,
  `created_at` timestamp NULL DEFAULT NULL,
  `updated_at` timestamp NULL DEFAULT NULL,
  PRIMARY KEY (`id`) USING BTREE,
  KEY `pos_items_pos_id_foreign` (`pos_id`) USING BTREE,
  KEY `invoice_items_service_id_foreign` (`service_id`) USING BTREE
) ENGINE=MyISAM AUTO_INCREMENT=38 DEFAULT CHARSET=utf8mb4 COLLATE=utf8mb4_unicode_ci;

-- Dumping data for table eliana.pos_items: 37 rows
/*!40000 ALTER TABLE `pos_items` DISABLE KEYS */;
INSERT INTO `pos_items` (`id`, `sku`, `quantity`, `description`, `price`, `discount`, `tax_rate`, `type_tax`, `ret_fuente`, `pos_id`, `service_id`, `created_at`, `updated_at`) VALUES
	(1, 'Eli-812', 1, 'fgdfgdfgdfg', 80000.00, 0.00, 0, 'IVA', 0, 2, 1, '2022-01-24 09:42:43', '2022-01-24 09:42:43'),
	(2, 'Eli-812', 1, 'fgdfgdfgdfg', 80000.00, 0.00, 0, 'IVA', 0, 3, 1, '2022-01-24 09:44:43', '2022-01-24 09:44:43'),
	(3, 'Eli-812', 1, 'fgdfgdfgdfg', 80000.00, 0.00, 0, 'IVA', 0, 4, 1, '2022-02-03 18:06:35', '2022-02-03 18:06:35'),
	(4, 'Eli-812', 1, 'fgdfgdfgdfg', 80000.00, 0.00, 0, 'IVA', 0, 5, 1, '2022-02-03 18:15:47', '2022-02-03 18:15:47'),
	(5, 'ert-4534', 1, 'fgdfgdf', 180000.00, 0.00, 0, 'IVA', 0, 5, 6, '2022-02-03 18:15:47', '2022-02-03 18:15:47'),
	(6, 'Eli-812', 1, 'fgdfgdfgdfg', 80000.00, 0.00, 0, 'IVA', 0, 6, 1, '2022-02-03 18:18:21', '2022-02-03 18:18:21'),
	(7, 'ert-4534', 1, 'fgdfgdf', 180000.00, 0.00, 0, 'IVA', 0, 6, 6, '2022-02-03 18:18:21', '2022-02-03 18:18:21'),
	(8, 'Eli-812', 1, 'fgdfgdfgdfg', 80000.00, 0.00, 0, 'IVA', 0, 7, 1, '2022-02-03 18:19:43', '2022-02-03 18:19:43'),
	(9, 'ert-4534', 1, 'fgdfgdf', 180000.00, 0.00, 0, 'IVA', 0, 7, 6, '2022-02-03 18:19:43', '2022-02-03 18:19:43'),
	(10, 'Eli-812', 1, 'fgdfgdfgdfg', 80000.00, 0.00, 0, 'IVA', 0, 8, 1, '2022-02-03 18:20:02', '2022-02-03 18:20:02'),
	(11, 'ert-4534', 1, 'fgdfgdf', 180000.00, 0.00, 0, 'IVA', 0, 8, 6, '2022-02-03 18:20:02', '2022-02-03 18:20:02'),
	(12, 'Eli-812', 1, 'fgdfgdfgdfg', 80000.00, 0.00, 0, 'IVA', 0, 9, 1, '2022-02-03 18:20:59', '2022-02-03 18:20:59'),
	(13, 'ert-4534', 1, 'fgdfgdf', 180000.00, 0.00, 0, 'IVA', 0, 9, 6, '2022-02-03 18:20:59', '2022-02-03 18:20:59'),
	(14, 'Eli-812', 1, 'fgdfgdfgdfg', 80000.00, 0.00, 0, 'IVA', 0, 10, 1, '2022-02-03 18:24:02', '2022-02-03 18:24:02'),
	(15, 'ert-4534', 1, 'fgdfgdf', 180000.00, 0.00, 0, 'IVA', 0, 10, 6, '2022-02-03 18:24:02', '2022-02-03 18:24:02'),
	(16, 'Eli-812', 1, 'fgdfgdfgdfg', 80000.00, 0.00, 0, 'IVA', 0, 11, 1, '2022-02-03 18:25:19', '2022-02-03 18:25:19'),
	(17, 'ert-4534', 1, 'fgdfgdf', 180000.00, 0.00, 0, 'IVA', 0, 11, 6, '2022-02-03 18:25:19', '2022-02-03 18:25:19'),
	(18, 'Eli-812', 1, 'fgdfgdfgdfg', 80000.00, 0.00, 0, 'IVA', 0, 12, 1, '2022-02-03 18:25:39', '2022-02-03 18:25:39'),
	(19, 'ert-4534', 1, 'fgdfgdf', 180000.00, 0.00, 0, 'IVA', 0, 12, 6, '2022-02-03 18:25:39', '2022-02-03 18:25:39'),
	(20, 'Eli-812', 1, 'fgdfgdfgdfg', 80000.00, 0.00, 0, 'IVA', 0, 13, 1, '2022-02-03 18:26:06', '2022-02-03 18:26:06'),
	(21, 'ert-4534', 1, 'fgdfgdf', 180000.00, 0.00, 0, 'IVA', 0, 13, 6, '2022-02-03 18:26:06', '2022-02-03 18:26:06'),
	(22, 'Eli-812', 1, 'fgdfgdfgdfg', 80000.00, 0.00, 0, 'IVA', 0, 14, 1, '2022-02-03 18:34:50', '2022-02-03 18:34:50'),
	(23, 'ert-4534', 1, 'fgdfgdf', 180000.00, 0.00, 0, 'IVA', 0, 14, 6, '2022-02-03 18:34:50', '2022-02-03 18:34:50'),
	(24, 'Eli-812', 1, 'fgdfgdfgdfg', 80000.00, 0.00, 0, 'IVA', 0, 15, 1, '2022-02-03 18:36:57', '2022-02-03 18:36:57'),
	(25, 'ert-4534', 1, 'fgdfgdf', 180000.00, 0.00, 0, 'IVA', 0, 15, 6, '2022-02-03 18:36:57', '2022-02-03 18:36:57'),
	(26, 'Eli-812', 1, 'fgdfgdfgdfg', 80000.00, 0.00, 0, 'IVA', 0, 16, 1, '2022-02-03 18:38:28', '2022-02-03 18:38:28'),
	(27, 'ert-4534', 1, 'fgdfgdf', 180000.00, 0.00, 0, 'IVA', 0, 16, 6, '2022-02-03 18:38:28', '2022-02-03 18:38:28'),
	(28, 'Eli-812', 1, 'fgdfgdfgdfg', 80000.00, 0.00, 0, 'IVA', 0, 17, 1, '2022-02-03 18:40:23', '2022-02-03 18:40:23'),
	(29, 'ert-4534', 1, 'fgdfgdf', 180000.00, 0.00, 0, 'IVA', 0, 17, 6, '2022-02-03 18:40:23', '2022-02-03 18:40:23'),
	(30, 'Eli-812', 1, 'fgdfgdfgdfg', 80000.00, 10.00, 5, 'IVA', 0, 18, 1, '2022-02-03 19:01:22', '2022-02-03 19:01:22'),
	(31, 'Eli-812', 1, 'fgdfgdfgdfg', 80000.00, 10.00, 5, 'IVA', 0, 20, 1, '2022-02-03 19:06:08', '2022-02-03 19:06:08'),
	(32, 'Eli-812', 1, 'fgdfgdfgdfg', 80000.00, 10.00, 5, 'IVA', 0, 21, 1, '2022-02-03 19:06:47', '2022-02-03 19:06:47'),
	(33, 'Eli-812', 1, 'fgdfgdfgdfg', 80000.00, 10.00, 19, 'IVA', 0, 22, 1, '2022-02-03 19:07:44', '2022-02-03 19:07:44'),
	(34, 'Eli-812', 1, 'fgdfgdfgdfg', 80000.00, 10.00, 19, 'IVA', 0, 23, 1, '2022-02-03 19:08:27', '2022-02-03 19:08:27'),
	(35, 'Eli-812', 1, 'fgdfgdfgdfg', 80000.00, 10.00, 19, 'IVA', 0, 24, 1, '2022-02-03 19:11:00', '2022-02-03 19:11:00'),
	(36, 'Eli-812', 1, 'fgdfgdfgdfg', 80000.00, 0.00, 0, 'IVA', 0, 25, 1, '2022-02-05 10:21:36', '2022-02-05 10:21:36'),
	(37, 'Eli-812', 1, 'fgdfgdfgdfg', 80000.00, 0.00, 0, 'IVA', 0, 26, 1, '2022-02-07 13:13:07', '2022-02-07 13:13:07');
/*!40000 ALTER TABLE `pos_items` ENABLE KEYS */;

-- Dumping structure for table eliana.quotation
CREATE TABLE IF NOT EXISTS `quotation` (
  `id` int(10) unsigned NOT NULL AUTO_INCREMENT,
  `issue_date` date DEFAULT NULL,
  `payment_date` datetime DEFAULT NULL,
  `order_reference` varchar(125) COLLATE utf8mb4_unicode_ci DEFAULT NULL,
  `invoice_type_code` varchar(125) COLLATE utf8mb4_unicode_ci DEFAULT NULL,
  `payment_means` varchar(125) COLLATE utf8mb4_unicode_ci DEFAULT NULL,
  `payment_means_type` varchar(125) COLLATE utf8mb4_unicode_ci DEFAULT NULL,
  `customer_id` int(11) DEFAULT NULL,
  `subtotal` float DEFAULT NULL,
  `discount` float DEFAULT NULL,
  `ret_fuente` float DEFAULT NULL,
  `taxe` float DEFAULT NULL,
  `total` float DEFAULT NULL,
  `pdf_url` longtext COLLATE utf8mb4_unicode_ci,
  `campuse_id` int(11) DEFAULT NULL,
  `created_at` timestamp NULL DEFAULT NULL,
  `updated_at` timestamp NULL DEFAULT NULL,
  `state` int(11) DEFAULT '1',
  PRIMARY KEY (`id`) USING BTREE,
  KEY `FK_invoices_customers` (`customer_id`) USING BTREE
) ENGINE=MyISAM AUTO_INCREMENT=16 DEFAULT CHARSET=utf8mb4 COLLATE=utf8mb4_unicode_ci;

-- Dumping data for table eliana.quotation: 13 rows
/*!40000 ALTER TABLE `quotation` DISABLE KEYS */;
INSERT INTO `quotation` (`id`, `issue_date`, `payment_date`, `order_reference`, `invoice_type_code`, `payment_means`, `payment_means_type`, `customer_id`, `subtotal`, `discount`, `ret_fuente`, `taxe`, `total`, `pdf_url`, `campuse_id`, `created_at`, `updated_at`, `state`) VALUES
	(2, '2022-04-12', '2022-04-12 11:36:59', 'C1I2', 'COTIZACION', 'CREDIT_CARD', 'CREDITO', 1, 180000, 0, 0, 0, 180000, NULL, 1, '2022-04-12 11:36:59', '2022-04-12 11:36:59', 1),
	(3, '2022-04-12', '2022-04-12 11:37:46', 'C1I3', 'COTIZACION', 'DEBIT_CARD', 'DEBITO', 1, 180000, 0, 0, 0, 180000, 'http://127.0.0.1:8081/cotizaciones/cotizacionC1I3.pdf', 1, '2022-04-12 11:37:46', '2022-04-12 11:37:54', 1),
	(4, '2022-04-12', '2022-04-12 11:38:50', 'C1I4', 'COTIZACION', 'CREDIT_CARD', 'CREDITO', 1, 80000, 0, 0, 0, 80000, 'http://127.0.0.1:8081/cotizaciones/cotizacionC1I4.pdf', 1, '2022-04-12 11:38:50', '2022-04-12 11:38:50', 1),
	(15, '2022-04-26', '2022-04-26 11:36:12', 'C1I15', 'COTIZACION', 'DEBIT_CARD', 'DEBITO', 1, 80000, 0, 0, 0, 80000, 'http://127.0.0.1:8082/cotizaciones/cotizacionC1I15.pdf', 1, '2022-04-26 11:36:12', '2022-04-26 11:36:17', 1),
	(6, '2022-04-12', '2022-04-12 11:40:22', 'C1I6', 'COTIZACION', 'CASH', 'CREDITO', 1, 80000, 0, 0, 0, 80000, 'http://127.0.0.1:8081/cotizaciones/cotizacionC1I6.pdf', 1, '2022-04-12 11:40:22', '2022-04-12 11:40:22', 1),
	(7, '2022-04-12', '2022-04-12 11:46:34', 'C1I7', 'COTIZACION', 'DEBIT_CARD', 'DEBITO', 1, 180000, 0, 0, 0, 180000, NULL, 1, '2022-04-12 11:46:34', '2022-04-12 11:46:34', 1),
	(8, '2022-04-12', '2022-04-12 11:47:04', 'C1I8', 'COTIZACION', 'DEBIT_CARD', 'DEBITO', 1, 180000, 0, 0, 0, 180000, 'http://127.0.0.1:8081/cotizaciones/cotizacionC1I8.pdf', 1, '2022-04-12 11:47:04', '2022-04-12 11:47:04', 1),
	(9, '2022-04-12', '2022-04-12 12:23:26', 'C1I9', 'COTIZACION', 'DEBIT_CARD', 'DEBITO', 1, 180000, 0, 0, 0, 180000, 'http://127.0.0.1:8081/cotizaciones/cotizacionC1I9.pdf', 1, '2022-04-12 12:23:26', '2022-04-12 12:23:26', 1),
	(10, '2022-04-12', '2022-04-12 12:25:37', 'C1I10', 'COTIZACION', 'CREDIT_CARD', 'DEBITO', 1, 180000, 0, 0, 0, 180000, 'http://127.0.0.1:8081/cotizaciones/cotizacionC1I10.pdf', 1, '2022-04-12 12:25:37', '2022-04-12 12:25:46', 1),
	(11, '2022-04-12', '2022-04-12 12:26:39', 'C1I11', 'COTIZACION', 'CREDIT_CARD', 'CREDITO', 1, 80000, 0, 0, 0, 80000, 'http://127.0.0.1:8081/cotizaciones/cotizacionC1I11.pdf', 1, '2022-04-12 12:26:39', '2022-04-12 12:26:47', 1),
	(12, '2022-04-12', '2022-04-12 12:29:56', 'C1I12', 'COTIZACION', 'CREDIT_CARD', 'DEBITO', 1, 180000, 0, 0, 0, 180000, 'http://127.0.0.1:8081/cotizaciones/cotizacionC1I12.pdf', 1, '2022-04-12 12:29:56', '2022-04-12 12:30:04', 1),
	(13, '2022-04-12', '2022-04-12 12:31:23', 'C1I13', 'COTIZACION', 'DEBIT_CARD', 'DEBITO', 1, 80000, 0, 0, 0, 80000, 'http://127.0.0.1:8081/cotizaciones/cotizacionC1I13.pdf', 1, '2022-04-12 12:31:23', '2022-04-12 12:31:31', 1),
	(14, '2022-04-12', '2022-04-12 12:32:09', 'C1I14', 'COTIZACION', 'CREDIT_CARD', 'DEBITO', 1, 180000, 0, 0, 0, 180000, 'http://127.0.0.1:8081/cotizaciones/cotizacionC1I14.pdf', 1, '2022-04-12 12:32:09', '2022-04-12 12:32:17', 1);
/*!40000 ALTER TABLE `quotation` ENABLE KEYS */;

-- Dumping structure for table eliana.quotation_items
CREATE TABLE IF NOT EXISTS `quotation_items` (
  `id` int(10) unsigned NOT NULL AUTO_INCREMENT,
  `sku` varchar(125) COLLATE utf8mb4_unicode_ci DEFAULT NULL,
  `quantity` int(11) DEFAULT NULL,
  `description` longtext COLLATE utf8mb4_unicode_ci,
  `price` double(8,2) DEFAULT NULL,
  `discount` double(8,2) DEFAULT NULL,
  `tax_rate` float DEFAULT NULL,
  `type_tax` varchar(50) COLLATE utf8mb4_unicode_ci DEFAULT NULL,
  `ret_fuente` float DEFAULT NULL,
  `quotation_id` int(10) unsigned DEFAULT NULL,
  `service_id` int(10) unsigned DEFAULT NULL,
  `created_at` timestamp NULL DEFAULT NULL,
  `updated_at` timestamp NULL DEFAULT NULL,
  PRIMARY KEY (`id`) USING BTREE,
  KEY `quotation_items_pos_id_foreign` (`quotation_id`) USING BTREE,
  KEY `quotation_items_service_id_foreign` (`service_id`) USING BTREE
) ENGINE=MyISAM AUTO_INCREMENT=15 DEFAULT CHARSET=utf8mb4 COLLATE=utf8mb4_unicode_ci;

-- Dumping data for table eliana.quotation_items: 13 rows
/*!40000 ALTER TABLE `quotation_items` DISABLE KEYS */;
INSERT INTO `quotation_items` (`id`, `sku`, `quantity`, `description`, `price`, `discount`, `tax_rate`, `type_tax`, `ret_fuente`, `quotation_id`, `service_id`, `created_at`, `updated_at`) VALUES
	(14, 'Eli-812', 1, 'fgdfgdfgdfg', 80000.00, 0.00, 0, 'IVA', 0, 15, 1, '2022-04-26 11:36:12', '2022-04-26 11:36:12'),
	(2, 'ert-4534', 1, 'fgdfgdf', 180000.00, 0.00, 0, 'IVA', 0, 2, 6, '2022-04-12 11:36:59', '2022-04-12 11:36:59'),
	(3, 'ert-4534', 1, 'fgdfgdf', 180000.00, 0.00, 0, 'IVA', 0, 3, 6, '2022-04-12 11:37:46', '2022-04-12 11:37:46'),
	(4, 'Eli-812', 1, 'fgdfgdfgdfg', 80000.00, 0.00, 0, 'IVA', 0, 4, 1, '2022-04-12 11:38:50', '2022-04-12 11:38:50'),
	(5, 'Eli-812', 1, 'fgdfgdfgdfg', 80000.00, 0.00, 0, 'IVA', 0, 6, 1, '2022-04-12 11:40:22', '2022-04-12 11:40:22'),
	(6, 'ert-4534', 1, 'fgdfgdf', 180000.00, 0.00, 0, 'IVA', 0, 7, 6, '2022-04-12 11:46:34', '2022-04-12 11:46:34'),
	(7, 'ert-4534', 1, 'fgdfgdf', 180000.00, 0.00, 0, 'IVA', 0, 8, 6, '2022-04-12 11:47:04', '2022-04-12 11:47:04'),
	(8, 'ert-4534', 1, 'fgdfgdf', 180000.00, 0.00, 0, 'IVA', 0, 9, 6, '2022-04-12 12:23:26', '2022-04-12 12:23:26'),
	(9, 'ert-4534', 1, 'fgdfgdf', 180000.00, 0.00, 0, 'IVA', 0, 10, 6, '2022-04-12 12:25:37', '2022-04-12 12:25:37'),
	(10, 'Eli-812', 1, 'fgdfgdfgdfg', 80000.00, 0.00, 0, 'IVA', 0, 11, 1, '2022-04-12 12:26:39', '2022-04-12 12:26:39'),
	(11, 'ert-4534', 1, 'fgdfgdf', 180000.00, 0.00, 0, 'IVA', 0, 12, 6, '2022-04-12 12:29:56', '2022-04-12 12:29:56'),
	(12, 'Eli-812', 1, 'fgdfgdfgdfg', 80000.00, 0.00, 0, 'IVA', 0, 13, 1, '2022-04-12 12:31:23', '2022-04-12 12:31:23'),
	(13, 'ert-4534', 1, 'fgdfgdf', 180000.00, 0.00, 0, 'IVA', 0, 14, 6, '2022-04-12 12:32:09', '2022-04-12 12:32:09');
/*!40000 ALTER TABLE `quotation_items` ENABLE KEYS */;

-- Dumping structure for table eliana.quotes
CREATE TABLE IF NOT EXISTS `quotes` (
  `id` int(11) NOT NULL AUTO_INCREMENT,
  `campuse_id` int(11) DEFAULT NULL,
  `user_id` int(11) DEFAULT NULL,
  `customer_id` int(11) DEFAULT NULL,
  `typequote_id` int(11) DEFAULT NULL,
  `date` date DEFAULT NULL,
  `start_time` time DEFAULT NULL,
  `end_time` time DEFAULT NULL,
  `state_id` int(11) DEFAULT NULL,
  `reason` longtext,
  `meet_id` longtext,
  `payment` int(11) DEFAULT NULL,
  `created_at` datetime DEFAULT NULL,
  `updated_at` datetime DEFAULT NULL,
  PRIMARY KEY (`id`),
  KEY `FK_quotes_campuses` (`campuse_id`),
  KEY `FK_quotes_users` (`user_id`),
  KEY `FK_quotes_users_2` (`customer_id`) USING BTREE,
  KEY `FK_quotes_typequotes` (`typequote_id`),
  KEY `FK_quotes_states_quotes` (`state_id`)
) ENGINE=MyISAM AUTO_INCREMENT=11 DEFAULT CHARSET=latin1;

-- Dumping data for table eliana.quotes: 9 rows
/*!40000 ALTER TABLE `quotes` DISABLE KEYS */;
INSERT INTO `quotes` (`id`, `campuse_id`, `user_id`, `customer_id`, `typequote_id`, `date`, `start_time`, `end_time`, `state_id`, `reason`, `meet_id`, `payment`, `created_at`, `updated_at`) VALUES
	(1, 1, 4, 1, 1, '2022-04-19', '08:00:00', '08:40:00', 1, NULL, NULL, NULL, '2022-04-18 10:07:43', '2022-04-18 10:07:43'),
	(2, 1, 4, 1, 1, '2022-05-29', '10:20:00', '11:00:00', 3, NULL, NULL, NULL, '2022-05-29 12:07:48', '2022-05-29 12:07:48'),
	(3, 1, 4, 1, 1, '2022-05-29', '17:00:00', '17:40:00', 4, 'Prueba HOla mundo', NULL, NULL, '2022-05-29 14:10:13', '2022-05-29 14:10:13'),
	(4, 1, 4, 1, 2, '2022-05-29', '16:30:00', '17:00:00', 3, 'sad ad as dadada', NULL, NULL, '2022-05-29 15:20:51', '2022-05-29 15:20:51'),
	(5, 1, 4, 1, 1, '2022-05-29', '15:00:00', '15:40:00', 3, 'sdasdasd', NULL, NULL, '2022-05-29 15:42:39', '2022-05-29 15:42:39'),
	(7, 1, 4, 1, 1, '2022-06-16', '08:30:00', '09:10:00', 3, 'Dolor de muela', NULL, NULL, '2022-06-15 16:48:42', '2022-06-15 16:48:42'),
	(8, 1, 4, 1, 2, '2022-06-16', '09:30:00', '10:00:00', 1, 'sdasdasd', NULL, NULL, '2022-06-15 17:11:47', '2022-06-15 17:11:47'),
	(9, 1, 4, 2, 0, '2022-07-16', '08:30:00', '09:00:00', 3, 'Prueba', NULL, NULL, '2022-07-12 11:11:27', '2022-07-12 11:11:27'),
	(10, 1, 4, 2, 0, '2022-07-16', '16:30:00', '17:00:00', 3, 'sdfsdfdsf', 'Tele-consulta-10', 1, '2022-07-12 11:29:50', '2022-07-12 11:29:50');
/*!40000 ALTER TABLE `quotes` ENABLE KEYS */;

-- Dumping structure for table eliana.quote_anamnesis
CREATE TABLE IF NOT EXISTS `quote_anamnesis` (
  `id` int(11) NOT NULL AUTO_INCREMENT,
  `quote_id` int(11) DEFAULT NULL,
  `customer_id` int(11) DEFAULT NULL,
  `profesional_id` int(11) DEFAULT NULL,
  `campuse_id` int(11) DEFAULT NULL,
  `clinichistory_id` int(11) DEFAULT NULL,
  `bajo_tratamiento` varchar(50) DEFAULT NULL,
  `toma_medicamento` varchar(50) DEFAULT NULL,
  `enfermedad_venerea` varchar(50) DEFAULT NULL,
  `intervencion_quirurgica` varchar(50) DEFAULT NULL,
  `problemas_corazon` varchar(50) DEFAULT NULL,
  `transfusion` varchar(50) DEFAULT NULL,
  `hepatitis` varchar(50) DEFAULT NULL,
  `consume_droga` varchar(50) DEFAULT NULL,
  `fiebre_reumatica` varchar(50) DEFAULT NULL,
  `asma` varchar(50) DEFAULT NULL,
  `alergia_penicilina` varchar(50) DEFAULT NULL,
  `diabetes` varchar(50) DEFAULT NULL,
  `alergia_anestesia` varchar(50) DEFAULT NULL,
  `ulcera_gastrica` varchar(50) DEFAULT NULL,
  `alergia_aspirinayodo` varchar(50) DEFAULT NULL,
  `tiroides` varchar(50) DEFAULT NULL,
  `merthiolate` longtext,
  `limitacionabrircerrarboca` varchar(50) DEFAULT NULL,
  `tensionarterial` varchar(50) DEFAULT NULL,
  `ruidomandibula` varchar(50) DEFAULT NULL,
  `tensionarterialalta` varchar(50) DEFAULT NULL,
  `herpes` varchar(50) DEFAULT NULL,
  `tensionarterialbaja` varchar(50) DEFAULT NULL,
  `sangraexcesivamente` varchar(50) DEFAULT NULL,
  `morderunaslabios` varchar(50) DEFAULT NULL,
  `problemasanguineo` varchar(50) DEFAULT NULL,
  `no_cigarrillos` varchar(50) DEFAULT NULL,
  `fumas` varchar(50) DEFAULT NULL,
  `anemia` int(11) DEFAULT '0',
  `leucemia` int(11) DEFAULT '0',
  `hemofilia` int(11) DEFAULT '0',
  `deficit_vit_k` int(11) DEFAULT '0',
  `alimentoscitricos` varchar(50) DEFAULT NULL,
  `vih` varchar(50) DEFAULT NULL,
  `muerdeobjetosdientes` varchar(50) DEFAULT NULL,
  `medicamentoretoviral` varchar(50) DEFAULT NULL,
  `apretamientodentario` varchar(50) DEFAULT NULL,
  `embarazada` varchar(50) DEFAULT NULL,
  `respiracionbucal` varchar(50) DEFAULT NULL,
  `pastillasanticonceptivas` varchar(50) DEFAULT NULL,
  `observaciones` longtext,
  `created_at` datetime DEFAULT NULL,
  `updated_at` datetime DEFAULT NULL,
  PRIMARY KEY (`id`),
  KEY `FK_quote_anamnesis_quotes` (`quote_id`),
  KEY `FK_quote_anamnesis_customers` (`customer_id`),
  KEY `FK_quote_anamnesis_users` (`profesional_id`),
  KEY `FK_quote_anamnesis_campuses` (`campuse_id`),
  KEY `FK_quote_anamnesis_clinic_history` (`clinichistory_id`)
) ENGINE=MyISAM AUTO_INCREMENT=6 DEFAULT CHARSET=latin1;

-- Dumping data for table eliana.quote_anamnesis: 4 rows
/*!40000 ALTER TABLE `quote_anamnesis` DISABLE KEYS */;
INSERT INTO `quote_anamnesis` (`id`, `quote_id`, `customer_id`, `profesional_id`, `campuse_id`, `clinichistory_id`, `bajo_tratamiento`, `toma_medicamento`, `enfermedad_venerea`, `intervencion_quirurgica`, `problemas_corazon`, `transfusion`, `hepatitis`, `consume_droga`, `fiebre_reumatica`, `asma`, `alergia_penicilina`, `diabetes`, `alergia_anestesia`, `ulcera_gastrica`, `alergia_aspirinayodo`, `tiroides`, `merthiolate`, `limitacionabrircerrarboca`, `tensionarterial`, `ruidomandibula`, `tensionarterialalta`, `herpes`, `tensionarterialbaja`, `sangraexcesivamente`, `morderunaslabios`, `problemasanguineo`, `no_cigarrillos`, `fumas`, `anemia`, `leucemia`, `hemofilia`, `deficit_vit_k`, `alimentoscitricos`, `vih`, `muerdeobjetosdientes`, `medicamentoretoviral`, `apretamientodentario`, `embarazada`, `respiracionbucal`, `pastillasanticonceptivas`, `observaciones`, `created_at`, `updated_at`) VALUES
	(1, 7, 1, 1, 1, 1, NULL, NULL, NULL, NULL, NULL, NULL, NULL, NULL, NULL, NULL, NULL, NULL, NULL, NULL, NULL, NULL, NULL, NULL, NULL, NULL, NULL, NULL, NULL, NULL, NULL, NULL, NULL, NULL, 0, 0, 0, 0, NULL, NULL, NULL, NULL, NULL, NULL, NULL, NULL, NULL, '2022-06-19 11:35:54', '2022-06-19 11:35:54'),
	(3, NULL, 1, 1, 1, 1, 'No', 'Si', 'Si', 'Si', 'Si', 'Si', 'Si', 'Si', 'No', 'No', 'No', 'No', 'Si', 'No', 'No', 'No', 'dssfsd', 'No', 'No', 'No', 'Si', 'No', 'Si', 'Si', 'No', 'No', '4', 'No', 1, 0, 1, 0, 'No', 'Si', 'No', 'No', 'No', 'No', 'No', 'Si', 'hola mundo', '2022-06-19 15:59:19', '2022-06-24 10:57:57'),
	(4, 9, 2, 4, 1, 2, NULL, NULL, NULL, NULL, NULL, NULL, NULL, NULL, NULL, NULL, NULL, NULL, NULL, NULL, NULL, NULL, NULL, NULL, NULL, NULL, NULL, NULL, NULL, NULL, NULL, NULL, NULL, NULL, 0, 0, 0, 0, NULL, NULL, NULL, NULL, NULL, NULL, NULL, NULL, NULL, '2022-07-12 12:54:57', '2022-07-12 12:54:57'),
	(5, 10, 2, 4, 1, 2, NULL, NULL, NULL, NULL, NULL, NULL, NULL, NULL, NULL, NULL, NULL, NULL, NULL, NULL, NULL, NULL, NULL, NULL, NULL, NULL, NULL, NULL, NULL, NULL, NULL, NULL, NULL, NULL, 0, 0, 0, 0, NULL, NULL, NULL, NULL, NULL, NULL, NULL, NULL, NULL, '2022-07-12 13:06:00', '2022-07-12 13:06:00');
/*!40000 ALTER TABLE `quote_anamnesis` ENABLE KEYS */;

-- Dumping structure for table eliana.quote_customer_odontograma
CREATE TABLE IF NOT EXISTS `quote_customer_odontograma` (
  `id` int(11) NOT NULL AUTO_INCREMENT,
  `clinichistory_id` int(11) NOT NULL DEFAULT '0',
  `customer_id` int(11) DEFAULT NULL,
  `campuse_id` int(11) DEFAULT NULL,
  `pacodo_tipo` varchar(100) COLLATE utf8_spanish_ci DEFAULT NULL,
  `id_hal` int(8) DEFAULT NULL,
  `pacodo_categoria` varchar(50) COLLATE utf8_spanish_ci DEFAULT NULL,
  `pacodo_estado` varchar(10) COLLATE utf8_spanish_ci DEFAULT NULL,
  `pacodo_marcas` text COLLATE utf8_spanish_ci,
  `numero_die` int(4) DEFAULT NULL,
  `pacodo_dientefinal` int(4) DEFAULT NULL,
  `pacodo_sigla` varchar(100) COLLATE utf8_spanish_ci DEFAULT NULL,
  `pacodo_espec` text COLLATE utf8_spanish_ci,
  `profesional_id` int(11) DEFAULT NULL,
  `created_at` datetime DEFAULT NULL,
  `updated_at` datetime DEFAULT NULL,
  PRIMARY KEY (`id`) USING BTREE,
  KEY `clinichistory_id` (`clinichistory_id`),
  KEY `customer_id` (`customer_id`)
) ENGINE=InnoDB AUTO_INCREMENT=2 DEFAULT CHARSET=utf8 COLLATE=utf8_spanish_ci;

-- Dumping data for table eliana.quote_customer_odontograma: ~0 rows (approximately)
/*!40000 ALTER TABLE `quote_customer_odontograma` DISABLE KEYS */;
INSERT INTO `quote_customer_odontograma` (`id`, `clinichistory_id`, `customer_id`, `campuse_id`, `pacodo_tipo`, `id_hal`, `pacodo_categoria`, `pacodo_estado`, `pacodo_marcas`, `numero_die`, `pacodo_dientefinal`, `pacodo_sigla`, `pacodo_espec`, `profesional_id`, `created_at`, `updated_at`) VALUES
	(1, 0, 1, 1, 'Inicial', 1, NULL, 'bueno', NULL, 18, 13, NULL, 'dasdasd', 1, '2022-06-19 14:06:33', '2022-06-19 14:06:33');
/*!40000 ALTER TABLE `quote_customer_odontograma` ENABLE KEYS */;

-- Dumping structure for table eliana.quote_dental_exam
CREATE TABLE IF NOT EXISTS `quote_dental_exam` (
  `id` int(11) NOT NULL AUTO_INCREMENT,
  `quote_id` int(11) DEFAULT NULL,
  `customer_id` int(11) DEFAULT NULL,
  `profesional_id` int(11) DEFAULT NULL,
  `campuse_id` int(11) DEFAULT NULL,
  `clinichistory_id` int(11) DEFAULT NULL,
  `supernumerarios` varchar(50) DEFAULT NULL,
  `placa_blanda` varchar(50) DEFAULT NULL,
  `abrasiones` varchar(50) DEFAULT NULL,
  `placa_calcificada` varchar(50) DEFAULT NULL,
  `erosiones` varchar(50) DEFAULT NULL,
  `movilidad_dental` varchar(50) DEFAULT NULL,
  `manchas` varchar(50) DEFAULT NULL,
  `bolsas_periodontales` varchar(50) DEFAULT NULL,
  `patalogia_pulpar` varchar(50) DEFAULT NULL,
  `retraccion_gingival` varchar(50) DEFAULT NULL,
  `observation` longtext,
  `created_at` datetime DEFAULT NULL,
  `updated_at` datetime DEFAULT NULL,
  PRIMARY KEY (`id`),
  KEY `FK__quotes` (`quote_id`),
  KEY `FK__customers` (`customer_id`),
  KEY `FK__users` (`profesional_id`),
  KEY `FK__campuses` (`campuse_id`),
  KEY `FK_quote_dental_exam_clinic_history` (`clinichistory_id`)
) ENGINE=MyISAM AUTO_INCREMENT=4 DEFAULT CHARSET=latin1;

-- Dumping data for table eliana.quote_dental_exam: 3 rows
/*!40000 ALTER TABLE `quote_dental_exam` DISABLE KEYS */;
INSERT INTO `quote_dental_exam` (`id`, `quote_id`, `customer_id`, `profesional_id`, `campuse_id`, `clinichistory_id`, `supernumerarios`, `placa_blanda`, `abrasiones`, `placa_calcificada`, `erosiones`, `movilidad_dental`, `manchas`, `bolsas_periodontales`, `patalogia_pulpar`, `retraccion_gingival`, `observation`, `created_at`, `updated_at`) VALUES
	(1, 7, 1, 1, 1, 1, 'No', 'Si', 'Si', 'Si', 'Si', 'Si', 'Si', 'Si', 'No', 'Si', 'aszxczxc', '2022-06-19 11:35:54', '2022-06-24 11:13:55'),
	(2, 9, 2, 4, 1, 2, NULL, NULL, NULL, NULL, NULL, NULL, NULL, NULL, NULL, NULL, NULL, '2022-07-12 12:54:57', '2022-07-12 12:54:57'),
	(3, 10, 2, 4, 1, 2, NULL, NULL, NULL, NULL, NULL, NULL, NULL, NULL, NULL, NULL, NULL, '2022-07-12 13:06:00', '2022-07-12 13:06:00');
/*!40000 ALTER TABLE `quote_dental_exam` ENABLE KEYS */;

-- Dumping structure for table eliana.quote_extra_oral_exam
CREATE TABLE IF NOT EXISTS `quote_extra_oral_exam` (
  `id` int(11) NOT NULL AUTO_INCREMENT,
  `quote_id` int(11) DEFAULT NULL,
  `customer_id` int(11) DEFAULT NULL,
  `profesional_id` int(11) DEFAULT NULL,
  `campuse_id` int(11) DEFAULT NULL,
  `clinichistory_id` int(11) DEFAULT NULL,
  `apreciacion_paciente` varchar(50) DEFAULT NULL,
  `labios_comisura_labial` varchar(50) DEFAULT NULL,
  `cabeza` varchar(50) DEFAULT NULL,
  `lengua` varchar(50) DEFAULT NULL,
  `cara` varchar(50) DEFAULT NULL,
  `carrillos` varchar(50) DEFAULT NULL,
  `glandulas_salivales` varchar(50) DEFAULT NULL,
  `frenillos` varchar(50) DEFAULT NULL,
  `cuello` varchar(50) DEFAULT NULL,
  `piso_boca` varchar(50) DEFAULT NULL,
  `cadena_danglionar` varchar(50) DEFAULT NULL,
  `paladar_duro` varchar(50) DEFAULT NULL,
  `atm` varchar(50) DEFAULT NULL,
  `paladar_blando` varchar(50) DEFAULT NULL,
  `region_retromolar` varchar(50) DEFAULT NULL,
  `created_at` datetime DEFAULT NULL,
  `updated_at` datetime DEFAULT NULL,
  PRIMARY KEY (`id`),
  KEY `FK__quotes` (`quote_id`),
  KEY `FK__customers` (`customer_id`),
  KEY `FK__users` (`profesional_id`),
  KEY `FK__campuses` (`campuse_id`),
  KEY `FK_quote_extra_oral_exam_clinic_history` (`clinichistory_id`)
) ENGINE=MyISAM AUTO_INCREMENT=6 DEFAULT CHARSET=latin1;

-- Dumping data for table eliana.quote_extra_oral_exam: 4 rows
/*!40000 ALTER TABLE `quote_extra_oral_exam` DISABLE KEYS */;
INSERT INTO `quote_extra_oral_exam` (`id`, `quote_id`, `customer_id`, `profesional_id`, `campuse_id`, `clinichistory_id`, `apreciacion_paciente`, `labios_comisura_labial`, `cabeza`, `lengua`, `cara`, `carrillos`, `glandulas_salivales`, `frenillos`, `cuello`, `piso_boca`, `cadena_danglionar`, `paladar_duro`, `atm`, `paladar_blando`, `region_retromolar`, `created_at`, `updated_at`) VALUES
	(1, 7, 1, 1, 1, 1, NULL, NULL, NULL, NULL, NULL, NULL, NULL, NULL, NULL, NULL, NULL, NULL, NULL, NULL, NULL, '2022-06-19 11:35:54', '2022-06-19 11:35:54'),
	(3, NULL, 1, 1, 1, 1, 'Normal', 'Anormal', 'Normal', 'Anormal', 'Normal', 'Anormal', 'Normal', 'Normal', 'Normal', 'Normal', 'Normal', 'Anormal', 'Normal', 'Anormal', 'Normal', '2022-06-24 09:59:27', '2022-06-24 11:06:29'),
	(4, 9, 2, 4, 1, 2, NULL, NULL, NULL, NULL, NULL, NULL, NULL, NULL, NULL, NULL, NULL, NULL, NULL, NULL, NULL, '2022-07-12 12:54:57', '2022-07-12 12:54:57'),
	(5, 10, 2, 4, 1, 2, NULL, NULL, NULL, NULL, NULL, NULL, NULL, NULL, NULL, NULL, NULL, NULL, NULL, NULL, NULL, '2022-07-12 13:06:00', '2022-07-12 13:06:00');
/*!40000 ALTER TABLE `quote_extra_oral_exam` ENABLE KEYS */;

-- Dumping structure for table eliana.roles
CREATE TABLE IF NOT EXISTS `roles` (
  `id` bigint(20) unsigned NOT NULL AUTO_INCREMENT,
  `name` varchar(125) COLLATE utf8mb4_unicode_ci NOT NULL,
  `guard_name` varchar(125) COLLATE utf8mb4_unicode_ci NOT NULL,
  `icon` varchar(125) COLLATE utf8mb4_unicode_ci DEFAULT NULL,
  `created_at` timestamp NULL DEFAULT NULL,
  `updated_at` timestamp NULL DEFAULT NULL,
  PRIMARY KEY (`id`),
  UNIQUE KEY `roles_name_guard_name_unique` (`name`,`guard_name`)
) ENGINE=MyISAM AUTO_INCREMENT=5 DEFAULT CHARSET=utf8mb4 COLLATE=utf8mb4_unicode_ci;

-- Dumping data for table eliana.roles: 4 rows
/*!40000 ALTER TABLE `roles` DISABLE KEYS */;
INSERT INTO `roles` (`id`, `name`, `guard_name`, `icon`, `created_at`, `updated_at`) VALUES
	(1, 'Administrador', 'web', NULL, '2022-02-09 10:59:45', '2022-02-09 10:59:45'),
	(2, 'Usuario', 'web', NULL, '2022-02-09 10:59:45', '2022-02-09 10:59:45'),
	(3, 'Profesional', 'web', NULL, '2022-02-23 11:22:41', '2022-02-23 11:22:41'),
	(4, 'Recepción', 'web', NULL, '2022-07-12 14:14:23', '2022-07-12 14:14:23');
/*!40000 ALTER TABLE `roles` ENABLE KEYS */;

-- Dumping structure for table eliana.role_has_permissions
CREATE TABLE IF NOT EXISTS `role_has_permissions` (
  `permission_id` bigint(20) unsigned NOT NULL,
  `role_id` bigint(20) unsigned NOT NULL,
  PRIMARY KEY (`permission_id`,`role_id`),
  KEY `role_has_permissions_role_id_foreign` (`role_id`)
) ENGINE=MyISAM DEFAULT CHARSET=utf8mb4 COLLATE=utf8mb4_unicode_ci;

-- Dumping data for table eliana.role_has_permissions: 104 rows
/*!40000 ALTER TABLE `role_has_permissions` DISABLE KEYS */;
INSERT INTO `role_has_permissions` (`permission_id`, `role_id`) VALUES
	(1, 1),
	(2, 1),
	(3, 1),
	(4, 1),
	(5, 1),
	(6, 1),
	(7, 1),
	(8, 1),
	(9, 1),
	(10, 1),
	(11, 1),
	(12, 1),
	(13, 1),
	(14, 1),
	(15, 1),
	(16, 1),
	(17, 1),
	(18, 1),
	(19, 1),
	(20, 1),
	(21, 1),
	(21, 4),
	(22, 1),
	(22, 4),
	(23, 1),
	(23, 4),
	(24, 1),
	(24, 4),
	(25, 1),
	(25, 4),
	(26, 1),
	(26, 4),
	(27, 1),
	(27, 4),
	(28, 1),
	(28, 4),
	(29, 1),
	(29, 4),
	(30, 1),
	(30, 4),
	(31, 1),
	(31, 4),
	(32, 1),
	(32, 4),
	(33, 1),
	(33, 4),
	(34, 1),
	(34, 4),
	(35, 1),
	(35, 3),
	(35, 4),
	(36, 1),
	(36, 3),
	(36, 4),
	(37, 1),
	(37, 3),
	(37, 4),
	(38, 1),
	(38, 3),
	(38, 4),
	(39, 1),
	(39, 3),
	(39, 4),
	(40, 1),
	(40, 3),
	(40, 4),
	(41, 1),
	(41, 4),
	(42, 1),
	(42, 4),
	(43, 1),
	(43, 4),
	(44, 1),
	(44, 4),
	(45, 1),
	(45, 4),
	(46, 1),
	(47, 1),
	(48, 1),
	(49, 1),
	(49, 4),
	(50, 1),
	(50, 4),
	(51, 1),
	(51, 4),
	(52, 1),
	(52, 4),
	(53, 1),
	(53, 4),
	(54, 1),
	(54, 4),
	(55, 1),
	(55, 4),
	(56, 1),
	(56, 4),
	(57, 1),
	(57, 3),
	(57, 4),
	(58, 1),
	(58, 3),
	(58, 4),
	(59, 1),
	(59, 3),
	(59, 4);
/*!40000 ALTER TABLE `role_has_permissions` ENABLE KEYS */;

-- Dumping structure for table eliana.services
CREATE TABLE IF NOT EXISTS `services` (
  `id` int(10) unsigned NOT NULL AUTO_INCREMENT,
  `name` longtext COLLATE utf8mb4_unicode_ci NOT NULL,
  `description` longtext COLLATE utf8mb4_unicode_ci NOT NULL,
  `price` double(8,2) NOT NULL,
  `state` int(11) NOT NULL,
  `sku` varchar(125) COLLATE utf8mb4_unicode_ci NOT NULL,
  `campuse_id` int(11) DEFAULT NULL,
  `created_at` timestamp NULL DEFAULT NULL,
  `updated_at` timestamp NULL DEFAULT NULL,
  PRIMARY KEY (`id`)
) ENGINE=MyISAM AUTO_INCREMENT=7 DEFAULT CHARSET=utf8mb4 COLLATE=utf8mb4_unicode_ci;

-- Dumping data for table eliana.services: 5 rows
/*!40000 ALTER TABLE `services` DISABLE KEYS */;
INSERT INTO `services` (`id`, `name`, `description`, `price`, `state`, `sku`, `campuse_id`, `created_at`, `updated_at`) VALUES
	(1, 'Prueba 6', 'fgdfgdfgdfg', 80000.00, 1, 'Eli-812', 1, '2021-10-10 14:46:34', '2022-01-03 09:54:44'),
	(3, 'Prueba 1', '', 25000.00, 1, 'Eli-125', NULL, '2021-11-05 12:08:32', '2021-11-05 12:08:32'),
	(4, 'Prueba 2', '', 75000.00, 1, 'Eli-6393', NULL, '2021-11-05 12:09:02', '2021-11-05 12:09:02'),
	(5, 'Prueba 3', '', 150000.00, 1, 'Eli-256', NULL, '2021-11-05 12:09:33', '2021-11-05 12:09:33'),
	(6, 'Blanqueamientos', 'fgdfgdf', 180000.00, 1, 'ert-4534', 1, '2022-01-03 10:03:10', '2022-01-03 10:03:10');
/*!40000 ALTER TABLE `services` ENABLE KEYS */;

-- Dumping structure for table eliana.specialists
CREATE TABLE IF NOT EXISTS `specialists` (
  `id` int(11) NOT NULL AUTO_INCREMENT,
  `specialty_id` int(11) DEFAULT NULL,
  `name` varchar(100) DEFAULT NULL,
  `last_name` varchar(100) DEFAULT NULL,
  `email` varchar(100) DEFAULT NULL,
  `phone` varchar(100) DEFAULT NULL,
  `dni` int(11) DEFAULT NULL,
  `status` int(11) DEFAULT NULL,
  PRIMARY KEY (`id`)
) ENGINE=MyISAM AUTO_INCREMENT=2 DEFAULT CHARSET=latin1;

-- Dumping data for table eliana.specialists: 1 rows
/*!40000 ALTER TABLE `specialists` DISABLE KEYS */;
INSERT INTO `specialists` (`id`, `specialty_id`, `name`, `last_name`, `email`, `phone`, `dni`, `status`) VALUES
	(1, 1, 'es prueba', 'soss', NULL, NULL, 12345678, 1);
/*!40000 ALTER TABLE `specialists` ENABLE KEYS */;

-- Dumping structure for table eliana.specialties
CREATE TABLE IF NOT EXISTS `specialties` (
  `id` int(11) NOT NULL AUTO_INCREMENT,
  `name` varchar(50) DEFAULT NULL,
  PRIMARY KEY (`id`)
) ENGINE=MyISAM AUTO_INCREMENT=2 DEFAULT CHARSET=latin1;

-- Dumping data for table eliana.specialties: 1 rows
/*!40000 ALTER TABLE `specialties` DISABLE KEYS */;
INSERT INTO `specialties` (`id`, `name`) VALUES
	(1, 'prueba');
/*!40000 ALTER TABLE `specialties` ENABLE KEYS */;

-- Dumping structure for table eliana.states_quotes
CREATE TABLE IF NOT EXISTS `states_quotes` (
  `id` int(11) NOT NULL AUTO_INCREMENT,
  `name` varchar(80) DEFAULT NULL,
  `color` varchar(80) DEFAULT NULL,
  `created_at` datetime DEFAULT NULL,
  `updated_at` datetime DEFAULT NULL,
  PRIMARY KEY (`id`) USING BTREE
) ENGINE=MyISAM AUTO_INCREMENT=10 DEFAULT CHARSET=utf8;

-- Dumping data for table eliana.states_quotes: 9 rows
/*!40000 ALTER TABLE `states_quotes` DISABLE KEYS */;
INSERT INTO `states_quotes` (`id`, `name`, `color`, `created_at`, `updated_at`) VALUES
	(1, 'Atendido', '#077e00', NULL, NULL),
	(2, 'Cancelada', '#bf0000', NULL, NULL),
	(3, 'Pendiente', '#d2d704', NULL, NULL),
	(4, 'Atendiendose', '#049bd7', NULL, NULL),
	(5, 'Citado', '#d704b2', NULL, NULL),
	(6, 'Confirmado por Telefono', '#123803', NULL, NULL),
	(7, 'En sala de espera', '#9ea0e7', NULL, NULL),
	(8, 'No asiste', '#321212', NULL, NULL),
	(9, 'No confirmado', '#eb8585', NULL, NULL);
/*!40000 ALTER TABLE `states_quotes` ENABLE KEYS */;

-- Dumping structure for table eliana.teeths
CREATE TABLE IF NOT EXISTS `teeths` (
  `id` int(11) NOT NULL AUTO_INCREMENT,
  `odontogram_id` int(11) DEFAULT NULL,
  `c1` int(11) DEFAULT NULL,
  `c2` int(11) DEFAULT NULL,
  `c3` int(11) DEFAULT NULL,
  `c4` int(11) DEFAULT NULL,
  `c5` int(11) DEFAULT NULL,
  `all_c` int(11) DEFAULT NULL,
  `created_at` datetime DEFAULT NULL,
  `updated_at` datetime DEFAULT NULL,
  PRIMARY KEY (`id`)
) ENGINE=MyISAM AUTO_INCREMENT=53 DEFAULT CHARSET=latin1;

-- Dumping data for table eliana.teeths: 52 rows
/*!40000 ALTER TABLE `teeths` DISABLE KEYS */;
INSERT INTO `teeths` (`id`, `odontogram_id`, `c1`, `c2`, `c3`, `c4`, `c5`, `all_c`, `created_at`, `updated_at`) VALUES
	(1, 2, 0, 0, 0, 0, 0, 0, '2022-06-03 11:33:51', '2022-06-03 11:33:51'),
	(2, 2, 0, 0, 0, 0, 0, 0, '2022-06-03 11:33:51', '2022-06-03 11:33:51'),
	(3, 2, 0, 0, 0, 0, 0, 0, '2022-06-03 11:33:51', '2022-06-03 11:33:51'),
	(4, 2, 0, 0, 0, 0, 0, 0, '2022-06-03 11:33:51', '2022-06-03 11:33:51'),
	(5, 2, 0, 0, 0, 0, 0, 0, '2022-06-03 11:33:51', '2022-06-03 11:33:51'),
	(6, 2, 0, 0, 0, 0, 0, 0, '2022-06-03 11:33:51', '2022-06-03 11:33:51'),
	(7, 2, 0, 0, 0, 0, 0, 0, '2022-06-03 11:33:51', '2022-06-03 11:33:51'),
	(8, 2, 0, 0, 0, 0, 0, 0, '2022-06-03 11:33:51', '2022-06-03 11:33:51'),
	(9, 2, 0, 0, 0, 0, 0, 0, '2022-06-03 11:33:51', '2022-06-03 11:33:51'),
	(10, 2, 0, 0, 0, 0, 0, 0, '2022-06-03 11:33:51', '2022-06-03 11:33:51'),
	(11, 2, 0, 0, 0, 0, 0, 0, '2022-06-03 11:33:51', '2022-06-03 11:33:51'),
	(12, 2, 0, 0, 0, 0, 0, 0, '2022-06-03 11:33:51', '2022-06-03 11:33:51'),
	(13, 2, 0, 0, 0, 0, 0, 0, '2022-06-03 11:33:51', '2022-06-03 11:33:51'),
	(14, 2, 0, 0, 0, 0, 0, 0, '2022-06-03 11:33:51', '2022-06-03 11:33:51'),
	(15, 2, 0, 0, 0, 0, 0, 0, '2022-06-03 11:33:51', '2022-06-03 11:33:51'),
	(16, 2, 0, 0, 0, 0, 0, 0, '2022-06-03 11:33:51', '2022-06-03 11:33:51'),
	(17, 2, 0, 0, 0, 0, 0, 0, '2022-06-03 11:33:51', '2022-06-03 11:33:51'),
	(18, 2, 0, 0, 0, 0, 0, 0, '2022-06-03 11:33:51', '2022-06-03 11:33:51'),
	(19, 2, 0, 0, 0, 0, 0, 0, '2022-06-03 11:33:51', '2022-06-03 11:33:51'),
	(20, 2, 0, 0, 0, 0, 0, 0, '2022-06-03 11:33:51', '2022-06-03 11:33:51'),
	(21, 2, 0, 0, 0, 0, 0, 0, '2022-06-03 11:33:51', '2022-06-03 11:33:51'),
	(22, 2, 0, 0, 0, 0, 0, 0, '2022-06-03 11:33:51', '2022-06-03 11:33:51'),
	(23, 2, 0, 0, 0, 0, 0, 0, '2022-06-03 11:33:51', '2022-06-03 11:33:51'),
	(24, 2, 0, 0, 0, 0, 0, 0, '2022-06-03 11:33:51', '2022-06-03 11:33:51'),
	(25, 2, 0, 0, 0, 0, 0, 0, '2022-06-03 11:33:51', '2022-06-03 11:33:51'),
	(26, 2, 0, 0, 0, 0, 0, 0, '2022-06-03 11:33:51', '2022-06-03 11:33:51'),
	(27, 2, 0, 0, 0, 0, 0, 0, '2022-06-03 11:33:51', '2022-06-03 11:33:51'),
	(28, 2, 0, 0, 0, 0, 0, 0, '2022-06-03 11:33:51', '2022-06-03 11:33:51'),
	(29, 2, 0, 0, 0, 0, 0, 0, '2022-06-03 11:33:51', '2022-06-03 11:33:51'),
	(30, 2, 0, 0, 0, 0, 0, 0, '2022-06-03 11:33:51', '2022-06-03 11:33:51'),
	(31, 2, 0, 0, 0, 0, 0, 0, '2022-06-03 11:33:51', '2022-06-03 11:33:51'),
	(32, 2, 0, 0, 0, 0, 0, 0, '2022-06-03 11:33:51', '2022-06-03 11:33:51'),
	(33, 2, 0, 0, 0, 0, 0, 0, '2022-06-03 11:33:51', '2022-06-03 11:33:51'),
	(34, 2, 0, 0, 0, 0, 0, 0, '2022-06-03 11:33:51', '2022-06-03 11:33:51'),
	(35, 2, 0, 0, 0, 0, 0, 0, '2022-06-03 11:33:51', '2022-06-03 11:33:51'),
	(36, 2, 0, 0, 0, 0, 0, 0, '2022-06-03 11:33:51', '2022-06-03 11:33:51'),
	(37, 2, 0, 0, 0, 0, 0, 0, '2022-06-03 11:33:51', '2022-06-03 11:33:51'),
	(38, 2, 0, 0, 0, 0, 0, 0, '2022-06-03 11:33:51', '2022-06-03 11:33:51'),
	(39, 2, 0, 0, 0, 0, 0, 0, '2022-06-03 11:33:51', '2022-06-03 11:33:51'),
	(40, 2, 0, 0, 0, 0, 0, 0, '2022-06-03 11:33:51', '2022-06-03 11:33:51'),
	(41, 2, 0, 0, 0, 0, 0, 0, '2022-06-03 11:33:51', '2022-06-03 11:33:51'),
	(42, 2, 0, 0, 0, 0, 0, 0, '2022-06-03 11:33:51', '2022-06-03 11:33:51'),
	(43, 2, 0, 0, 0, 0, 0, 0, '2022-06-03 11:33:51', '2022-06-03 11:33:51'),
	(44, 2, 0, 0, 0, 0, 0, 0, '2022-06-03 11:33:51', '2022-06-03 11:33:51'),
	(45, 2, 0, 0, 0, 0, 0, 0, '2022-06-03 11:33:51', '2022-06-03 11:33:51'),
	(46, 2, 0, 0, 0, 0, 0, 0, '2022-06-03 11:33:51', '2022-06-03 11:33:51'),
	(47, 2, 0, 0, 0, 0, 0, 0, '2022-06-03 11:33:51', '2022-06-03 11:33:51'),
	(48, 2, 0, 0, 0, 0, 0, 0, '2022-06-03 11:33:51', '2022-06-03 11:33:51'),
	(49, 2, 0, 0, 0, 0, 0, 0, '2022-06-03 11:33:51', '2022-06-03 11:33:51'),
	(50, 2, 0, 0, 0, 0, 0, 0, '2022-06-03 11:33:51', '2022-06-03 11:33:51'),
	(51, 2, 0, 0, 0, 0, 0, 0, '2022-06-03 11:33:51', '2022-06-03 11:33:51'),
	(52, 2, 0, 0, 0, 0, 0, 0, '2022-06-03 11:33:51', '2022-06-03 11:33:51');
/*!40000 ALTER TABLE `teeths` ENABLE KEYS */;

-- Dumping structure for table eliana.typequotes
CREATE TABLE IF NOT EXISTS `typequotes` (
  `id` int(11) NOT NULL AUTO_INCREMENT,
  `campuse_id` int(11) DEFAULT NULL,
  `name` varchar(50) DEFAULT NULL,
  `duration` int(11) DEFAULT NULL,
  `created_at` datetime DEFAULT NULL,
  `updated_at` datetime DEFAULT NULL,
  PRIMARY KEY (`id`),
  KEY `FK_typequotes_campuses` (`campuse_id`)
) ENGINE=MyISAM AUTO_INCREMENT=4 DEFAULT CHARSET=latin1;

-- Dumping data for table eliana.typequotes: 2 rows
/*!40000 ALTER TABLE `typequotes` DISABLE KEYS */;
INSERT INTO `typequotes` (`id`, `campuse_id`, `name`, `duration`, `created_at`, `updated_at`) VALUES
	(1, 1, 'Ortodoncia 1', 40, '2022-03-29 17:26:46', '2022-04-18 09:35:17'),
	(2, 1, 'General', 30, '2022-04-18 09:12:37', '2022-04-18 09:12:37');
/*!40000 ALTER TABLE `typequotes` ENABLE KEYS */;

-- Dumping structure for table eliana.users
CREATE TABLE IF NOT EXISTS `users` (
  `id` int(10) unsigned NOT NULL AUTO_INCREMENT,
  `name` varchar(125) COLLATE utf8mb4_unicode_ci NOT NULL,
  `lastname` varchar(125) COLLATE utf8mb4_unicode_ci NOT NULL,
  `username` varchar(125) COLLATE utf8mb4_unicode_ci NOT NULL,
  `genero` varchar(125) COLLATE utf8mb4_unicode_ci NOT NULL,
  `email` varchar(125) COLLATE utf8mb4_unicode_ci NOT NULL,
  `email_verified_at` timestamp NULL DEFAULT NULL,
  `password` varchar(125) COLLATE utf8mb4_unicode_ci NOT NULL,
  `campuse_id` int(11) NOT NULL,
  `status` smallint(6) NOT NULL DEFAULT '0',
  `remember_token` varchar(100) COLLATE utf8mb4_unicode_ci DEFAULT NULL,
  `deleted_at` timestamp NULL DEFAULT NULL,
  `created_at` timestamp NULL DEFAULT NULL,
  `updated_at` timestamp NULL DEFAULT NULL,
  PRIMARY KEY (`id`),
  UNIQUE KEY `users_email_unique` (`email`)
) ENGINE=MyISAM AUTO_INCREMENT=9 DEFAULT CHARSET=utf8mb4 COLLATE=utf8mb4_unicode_ci;

-- Dumping data for table eliana.users: 8 rows
/*!40000 ALTER TABLE `users` DISABLE KEYS */;
INSERT INTO `users` (`id`, `name`, `lastname`, `username`, `genero`, `email`, `email_verified_at`, `password`, `campuse_id`, `status`, `remember_token`, `deleted_at`, `created_at`, `updated_at`) VALUES
	(1, 'Admin', 'Administrador', 'laradmin', 'M', 'admin@mail.com', NULL, '$2y$10$fMmLlQkjlkLn3zOlfXQ7Mek3ahlo43pvV0h6cvV6EEkX17tTkdBam', 1, 1, NULL, NULL, '2022-02-09 10:59:45', '2022-02-09 10:59:45'),
	(2, 'Usuario', 'Usuarios', 'larausuario', 'F', 'usuario@mail.com', NULL, '$2y$10$2MabFWd4YnL62rE8cOzRSOD5F73d4tVluUoIEm0HILxxnnXIWmtoq', 1, 1, NULL, NULL, '2022-02-09 10:59:45', '2022-02-09 10:59:45'),
	(3, 'Yeferson 1', 'Sossa', 'yefer', 'M', 'yeferson1115@gmail.com', NULL, '$2y$10$r3H5mEEN.mqMpdyWlWASxOH15FMcj4v432SloiRR3ItM7FF9ANEma', 1, 1, NULL, '2022-02-15 16:20:12', '2022-02-15 16:14:30', '2022-02-15 16:20:12'),
	(4, 'Odontologo', 'Prueba', 'odonto1', 'M', 'odonto1@gmail.com', NULL, '$2y$10$0/MSHr.5FDEmMFARb2LV1uShvYpPpgvlOumpYAOY4RbkYcyK7Z4yq', 1, 1, NULL, NULL, '2022-03-14 17:39:16', '2022-03-14 17:39:16'),
	(5, 'pedro', 'prueba', 'pedrito', 'M', 'pedro@hotmail.com', NULL, '$2y$10$fN0fPNEtb0.Vi3QgFZpZT.s5Q18aMHGAaMhHKqW7Suz7M2nd/jrVO', 1, 1, NULL, NULL, '2022-07-12 09:11:31', '2022-07-12 09:11:31'),
	(6, 'ggfhfg', 'fghfghgf', 'cpinedarggg', 'F', 'yefreyfdgdf@hotmail.com', NULL, '$2y$10$3MiNPZVp3VLoUxNvHJ1xReNRORVjgrwhHFH.ZSQ3maBqJodDIzTKS', 1, 1, NULL, NULL, '2022-07-12 09:24:59', '2022-07-12 09:24:59'),
	(7, 'Carol', 'Pineda', 'cpinedar', 'F', 'yefrey@hotmail.com', NULL, '$2y$10$2SGLPEqekSbD4E0te2H08eyYHtmOlK8o.9u4eJms0AkELCavJNU3K', 1, 1, NULL, NULL, '2022-07-12 09:26:29', '2022-07-12 09:26:29'),
	(8, 'Recepción', 'recepción', 'recepcion1', 'M', 'reprep@hotmail.com', NULL, '$2y$10$npogOPci4VAHjIHxcqTpiuLiopBvMD.AV/ayWDpxVTK1slC9Pz5/C', 1, 1, NULL, NULL, '2022-07-12 14:17:39', '2022-07-12 14:17:39');
/*!40000 ALTER TABLE `users` ENABLE KEYS */;

/*!40101 SET SQL_MODE=IFNULL(@OLD_SQL_MODE, '') */;
/*!40014 SET FOREIGN_KEY_CHECKS=IFNULL(@OLD_FOREIGN_KEY_CHECKS, 1) */;
/*!40101 SET CHARACTER_SET_CLIENT=@OLD_CHARACTER_SET_CLIENT */;
/*!40111 SET SQL_NOTES=IFNULL(@OLD_SQL_NOTES, 1) */;
